name,kind,year,price,fuel_kind,km/l,car_output,torque,cc,engine,driving_system,gear,full_length,full_height,full_width,range
현대 싼타페,중형 SUV,2023,"3,277~4,472만원","가솔린, 디젤","복합 9.5~14.1km/ℓ 도심 8.6~12.8, 고속 10.9~16",194~281hp 엔진,43~45kg.m 엔진,"2,151~2,497cc",I4 싱글터보,"AWD, FF",DCT8단,"4,785~4,800mm","1,685~1,710mm","1,900mm","2,765mm"
현대 그랜저 하이브리드,준대형 세단,2023,"4,266~5,161만원","가솔린, 하이브리드","복합 16.7~18km/ℓ 도심 16.6~18, 고속 16.8~17.9",230hp/180hp 합산/엔진,35.7kg.m/27kg.m 합산/엔진,"1,598cc",I4 싱글터보,FF,자동6단,"5,035mm","1,460mm","1,880mm","2,895mm"
포르쉐 911 타르가 GTS,스포츠카 컨버터블,2022,"21,990만원",가솔린,"복합 7.9km/ℓ 도심 7, 고속 9.4",483hp 엔진,58.2kg.m 엔진,"2,981cc",F6 트윈터보,AWD,DCT8단,"4,535mm","1,300mm","1,850mm","2,450mm"
포르쉐 타이칸 GTS,준대형 세단,2022,"18,030만원",전기,317km 1회 충전 시,"복합 3.2km/kWh 도심 , 고속",440kW 모터 590hp (단순환산치),850Nm 모터 86.7kg.m (단순환산치),93.4kWh 배터리,AWD,자동2단,"4,965mm","1,380mm","1,965mm","2,900mm"
토요타 프리우스 프라임,준중형 해치백,2021,"4,934만원","전기, 가솔린, 하이브리드","복합 21.4km/ℓ 도심 23, 고속 19.6",122hp/98hp 합산/엔진,14.5kg.m 엔진,"1,798cc",l4 자연흡기,FF,CVT,"4,645mm","1,470mm","1,760mm","2,700mm"
디피코 포트로 EV 픽업,경형 트럭,2022,"2,112~2,233만원",전기,113km 1회 충전 시,"복합 4.2km/kWh 도심 5.1, 고속 3.4",15kW 모터 20hp (단순환산치),15.1kWh 배터리,RR,자동1단,"3,405mm","1,860mm","1,435mm","2,400mm",
메르세데스-벤츠 AMG GT R,스포츠카 쿠페,2021,"25,360만원",가솔린,"복합 7km/ℓ 도심 6.2, 고속 8.3",585hp 엔진,71.4kg.m 엔진,"3,982cc",V8 트윈터보,FR,DCT7단,"4,550mm","1,280mm","2,005mm","2,630mm"
포르쉐 911 터보,스포츠카 쿠페,2021,"27,830만원",가솔린,"복합 6.8km/ℓ 도심 , 고속",662hp 엔진,81.6kg.m 엔진,"3,745cc",F6 트윈터보,AWD,DCT8단,"4,535mm","1,305mm","1,900mm","2,450mm"
메르세데스-벤츠 스프린터,대형 밴,2019,디젤,"복합 도심 , 고속",190hp 엔진,44.9kg.m 엔진,"2,987cc",V6 싱글터보,FR,자동7단,"5,926~7,367mm","2,376~2,705mm","2,020mm","3,665~4,325mm",
KG 모빌리티 렉스턴,준대형 SUV,2024,"4,010~5,213만원",디젤,"복합 10.6~11.1km/ℓ 도심 9.3~9.9, 고속 12.7~13.1",202hp 엔진,45kg.m 엔진,"2,157cc",I4 싱글터보,"FR, 4WD",자동8단,"4,850mm","1,825mm","1,960mm","2,865mm"
메르세데스-벤츠 AMG GT,스포츠카 쿠페,2021,"18,260만원",가솔린,"복합 7km/ℓ 도심 6.2, 고속 8.3",476hp 엔진,64.2kg.m 엔진,"3,982cc",V8 트윈터보,FR,DCT7단,"4,545mm","1,285mm","1,940mm","2,630mm"
메르세데스-벤츠 AMG EQS,대형 세단,2023,"21,600만원",전기,404km 1회 충전 시,"복합 3.2km/kWh 도심 , 고속",484kW 모터 649hp (단순환산치),950Nm 모터 96.9kg.m (단순환산치),107.8kWh 배터리,AWD,자동1단,"5,220mm","1,510mm","1,925mm",
랜드로버 디펜더 110,중형 SUV,2023,"10,640~14,587만원","가솔린, 디젤","복합 6.9~9.8km/ℓ 도심 6.2~9.2, 고속 7.9~10.7",249~400hp 엔진,40.8~66.3kg.m 엔진,"1,997~2,996cc","I6, I4 싱글터보",AWD,자동8단,"4,758mm","1,967mm","1,996mm","3,022mm"
제네시스 GV60,준중형 SUV,2023,"6,493~7,403만원",전기,368~451km 1회 충전 시,"복합 4.1~5.1km/kWh 도심 4.3~5.7, 고속 3.8~4.5",168~360kW 모터 225~482hp (단순환산치),350~700Nm 모터 35.7~71.4kg.m (단순환산치),77.4kWh 배터리,"RR, AWD",자동1단,"4,515mm","1,580mm","1,890mm","2,900mm"
메르세데스-벤츠 GLA클래스,준중형 SUV,2023,"6,540만원",가솔린,"복합 10.3km/ℓ 도심 9.2, 고속 12.1",224hp 엔진,35.7kg.m 엔진,"1,991cc",I4 싱글터보,AWD,DCT8단,"4,440mm","1,625mm","1,850mm","2,730mm"
캐딜락 CT4,중형 세단,2021,"4,935만원",가솔린,"복합 10.6km/ℓ 도심 9.3, 고속 12.9",240hp 엔진,35.7kg.m 엔진,"1,998cc",I4 싱글터보,FR,자동8단,"4,755mm","1,425mm","1,815mm","2,775mm"
BMW X7,대형 SUV,2024,"14,580~17,940만원","가솔린, 디젤","복합 6.9~10km/ℓ 도심 6.2~9.2, 고속 7.9~11.3",340~530hp 엔진,55~76.5kg.m 엔진,"2,993~4,395cc","I6, V8 트윈터보",AWD,자동8단,"5,180mm","1,835mm","1,990mm","3,105mm"
미니 해치백 JCW,소형 해치백,2024,"5,420만원",가솔린,"복합 11.4km/ℓ 도심 10.2, 고속 13.5",231hp 엔진,32.6kg.m 엔진,"1,998cc",I4 싱글터보,FF,자동8단,"3,870mm","1,415mm","1,725mm","2,495mm"
볼보 XC90,준대형 SUV,2023,"8,580~9,510만원",가솔린,"복합 9.3km/ℓ 도심 8.2, 고속 11.3",300hp 엔진,42.8kg.m 엔진,"1,969cc",l4 싱글터보,AWD,자동8단,"4,950mm","1,770mm","1,960mm","2,984mm"
미니 해치백,소형 해치백,2024,"3,610~3,990만원",가솔린,"복합 13.4km/ℓ 도심 12.2, 고속 15.3",136hp 엔진,22.4kg.m 엔진,"1,499cc",I3 싱글터보,FF,DCT7단,"3,865mm","1,415mm","1,725mm","2,495mm"
폭스바겐 티록,소형 SUV,2022,"3,244~3,835만원",디젤,"복합 16.2km/ℓ 도심 15.2, 고속 17.6",150hp 엔진,36.7kg.m 엔진,"1,968cc",I4 싱글터보,FF,DCT7단,"4,235mm","1,575mm","1,820mm","2,605mm"
BMW 5시리즈 플러그인 하이브리드,준대형 세단,2023,"8,440~8,580만원","전기, 가솔린, 하이브리드","복합 17.5km/ℓ 도심 , 고속",292hp/184hp 합산/엔진,35.7kg.m 엔진,"1,998cc",I4 싱글터보,FR,자동8단,"4,965mm","1,480mm","1,870mm","2,975mm"
기아 K3 GT,준중형 해치백,2023,"2,745만원",가솔린,"복합 12.1km/ℓ 도심 10.8, 고속 14",204hp 엔진,27kg.m 엔진,"1,591cc",I4 싱글터보,FF,DCT7단,"4,515mm","1,440mm","1,800mm","2,700mm"
현대 캐스퍼,경형 SUV,2023,"1,375~1,960만원",가솔린,"복합 12.3~14.3km/ℓ 도심 11~13.4, 고속 14.2~15.5",76~100hp 엔진,9.7~17.5kg.m 엔진,998cc,I3 싱글터보,FF,자동4단,"3,595mm","1,575~1,605mm","1,595mm","2,400mm"
미니 해치백 S,소형 해치백,2024,"4,600만원",가솔린,"복합 12.3km/ℓ 도심 10.8, 고속 14.9",192hp 엔진,28.6kg.m 엔진,"1,998cc",I4 싱글터보,FF,DCT7단,"3,875mm","1,415mm","1,725mm","2,495mm"
메르세데스-벤츠 마이바흐 S클래스,대형 세단,2023,"29,500~37,500만원",가솔린,"복합 5.9~8.1km/ℓ 도심 4.9~6.9, 고속 8~10.3",503~630hp 엔진,71.4~91.8kg.m 엔진,"3,982~5,980cc","V8, V12 트윈터보",AWD,자동9단,"5,470mm","1,510mm","1,920~1,955mm","3,395mm"
BMW 8시리즈,대형 쿠페,2023,"14,290~15,510만원",가솔린,"복합 7.6km/ℓ 도심 6.6, 고속 9.2",530hp 엔진,76.5kg.m 엔진,"4,395cc",V8 트윈터보,AWD,자동8단,"4,845mm","1,340mm","1,900mm","2,822mm"
캐딜락 CT5-V,준대형 세단,2022,"13,857만원",가솔린,"복합 6.1km/ℓ 도심 5.1, 고속 8.1",668hp 엔진,91.9kg.m 엔진,"6,162cc",V8 슈퍼차저,FR,자동10단,"4,945mm","1,440mm","1,885mm","2,947mm"
기아 쏘렌토,중형 SUV,2023,"3,024~4,418만원","가솔린, 디젤","복합 9.7~14.1km/ℓ 도심 8.8~12.7, 고속 11.1~16.4",194~281hp 엔진,43~45kg.m 엔진,"2,151~2,497cc",I4 싱글터보,"FF, AWD",DCT8단,"4,810mm","1,695~1,700mm","1,900mm","2,815mm"
제네시스 G90 LWB,대형 세단,2023,"16,714만원",가솔린,"복합 8.2km/ℓ 도심 7.1, 고속 10",415hp 엔진,56kg.m 엔진,"3,470cc",V6 트윈터보,AWD,자동8단,"5,465mm","1,490mm","1,930mm","3,370mm"
메르세데스-벤츠 E클래스,준대형 세단,2023,"7,050~11,570만원","가솔린, 디젤","복합 9.7~13.7km/ℓ 도심 8.7~12.7, 고속 11.4~15",200~367hp 엔진,35.7~51kg.m 엔진,"1,991~2,999cc","I4, I6 싱글터보","FR, AWD",자동9단,"4,940mm","1,470~1,480mm","1,850~1,860mm","2,940mm"
BMW 4시리즈,중형 쿠페,2024,"6,620~8,970만원",가솔린,"복합 10.4~11.5km/ℓ 도심 9.1~10.3, 고속 12.7~13.5",184~387hp 엔진,30.6~51kg.m 엔진,"1,998~2,998cc","I4, I6 싱글터보","FR, AWD",자동8단,"4,770mm","1,385~1,395mm","1,845mm","2,850mm"
쉐보레 볼트 EV,소형 해치백,2023,"4,430만원",전기,414km 1회 충전 시,"복합 5.4km/kWh 도심 6, 고속 4.8",150kW 모터 201hp (단순환산치),360Nm 모터 36.7kg.m (단순환산치),66kWh 배터리,FF,자동1단,"4,140mm","1,595mm","1,765mm","2,600mm"
람보르기니 우라칸 에보,스포츠카 쿠페,2020,"29,900~34,540만원",가솔린,"복합 도심 , 고속",610~640hp 엔진,57.1~61.2kg.m 엔진,"5,204cc",V10 자연흡기,"MR, AWD",DCT7단,"4,250~4,520mm","1,165mm","1,933mm","2,620mm"
지프 랭글러 2도어,중형 SUV,2023,"6,990만원",가솔린,"복합 8.7km/ℓ 도심 8.1, 고속 9.5",272hp 엔진,40.8kg.m 엔진,"1,995cc",I4 싱글터보,AWD,자동8단,"4,330mm","1,840mm","1,895mm","2,460mm"
BMW M5,준대형 세단,2023,"16,620만원",가솔린,"복합 7.6km/ℓ 도심 6.6, 고속 9.2",625hp 엔진,76.5kg.m 엔진,"4,395cc",V8 트윈터보,AWD,자동8단,"4,985mm","1,475mm","1,905mm","2,975mm"
마세라티 르반떼,준대형 SUV,2022,"11,800~23,910만원",가솔린,"복합 5.8~7.9km/ℓ 도심 5.1~7.5, 고속 7~8.6",330~580hp 엔진,45.9~74.9kg.m 엔진,"1,995~3,799cc","I4, V6, V8 트윈터보",AWD,자동8단,"5,020mm","1,695mm","1,970~1,980mm","3,004mm"
쉐보레 트래버스,준대형 SUV,2023,"5,640~6,615만원",가솔린,"복합 8.3km/ℓ 도심 7.1, 고속 10.3",310hp 엔진,36.8kg.m 엔진,"3,564cc",V6 자연흡기,AWD,자동9단,"5,230mm","1,780mm","2,000mm","3,073mm"
포르쉐 박스터,스포츠카 컨버터블,2019,"8,960~10,130만원",가솔린,"복합 9~9.4km/ℓ 도심 8~8.4, 고속 10.7~11.1",300~350hp 엔진,38.8~42.8kg.m 엔진,"1,988~2,497cc",F4 싱글터보,MR,DCT7단,"4,379mm","1,280~1,281mm","1,801mm","2,475mm"
폭스바겐 티구안 올스페이스,준중형 SUV,2023,"4,804~5,098만원","가솔린, 디젤","복합 10.1~14.6km/ℓ 도심 9~13.3, 고속 11.9~16.7",150~186hp 엔진,30.6~36.7kg.m 엔진,"1,968~1,984cc",I4 싱글터보,FF,"자동8단, DCT7단","4,730mm","1,670mm","1,840mm","2,790mm"
미니 컨트리맨 S,소형 SUV,2024,"5,570만원",가솔린,"복합 10.7km/ℓ 도심 9.5, 고속 12.8",192hp 엔진,28.6kg.m 엔진,"1,998cc",I4 싱글터보,AWD,자동8단,"4,295mm","1,555mm","1,820mm","2,670mm"
BMW X6,준대형 SUV,2024,"12,580~16,150만원","가솔린, 디젤","복합 7.8~11.9km/ℓ 도심 7~10.9, 고속 9.1~13.4",298~530hp 엔진,53~76.4kg.m 엔진,"2,993~4,395cc","I6, V8 트윈터보",AWD,자동8단,"4,960mm","1,700mm","2,005mm","2,975mm"
대창모터스 다니고 R,소형 트럭,2023,"4,980~5,780만원",전기,186km 1회 충전 시,"복합 도심 , 고속",60kW 모터 80hp (단순환산치),57.7kWh 배터리,RR,자동1단,"4,635mm","2,315mm","1,635mm","3,050mm",
포르쉐 마칸,중형 SUV,2022,"9,560만원",가솔린,"복합 7.8km/ℓ 도심 7, 고속 9",375hp 엔진,53.1kg.m 엔진,"2,894cc",V6 트윈터보,AWD,DCT7단,"4,725mm","1,595mm","1,925mm","2,805mm"
폭스바겐 ID.4,준중형 SUV,2023,"5,690~5,990만원",전기,440km 1회 충전 시,"복합 5.1km/kWh 도심 5.7, 고속 4.5",150kW 모터 201hp (단순환산치),310Nm 모터 31.6kg.m (단순환산치),82kWh 배터리,RR,자동1단,"4,585mm","1,615mm","1,850mm","2,765mm"
아우디 S8 L,대형 세단,2023,"21,630만원",가솔린,"복합 7.6km/ℓ 도심 6.4, 고속 9.8",571hp 엔진,81.5kg.m 엔진,"3,996cc",V8 트윈터보,AWD,자동8단,"5,320mm","1,500mm","1,945mm","3,128mm"
렉서스 NX 플러그인 하이브리드,중형 SUV,2022,"7,490만원","전기, 가솔린, 하이브리드","복합 14.4km/ℓ 도심 15, 고속 13.7",307hp/182hp 합산/엔진,23.1kg.m 엔진,"2,487cc",I4 자연흡기,AWD,CVT,"4,660mm","1,670mm","1,865mm","2,690mm"
지프 글래디에이터,대형 트럭,2023,"7,990만원",가솔린,"복합 6.5km/ℓ 도심 6.1, 고속 7.2",284hp 엔진,36kg.m 엔진,"3,604cc",V6 자연흡기,4WD,자동8단,"5,600mm","1,850mm","1,935mm","3,490mm"
마세라티 콰트로포르테,대형 세단,2022,"16,970~29,200만원",가솔린,"복합 6~7.4km/ℓ 도심 5.5~6.4, 고속 6.8~9.1",350~580hp 엔진,51.5~74.4kg.m 엔진,"2,979~3,799cc","V6, V8 트윈터보","FR, AWD",자동8단,"5,265mm","1,480~1,485mm","1,950mm","3,170mm"
제네시스 GV80,준대형 SUV,2023,"6,478~7,398만원","가솔린, 디젤","복합 8~11.7km/ℓ 도심 7.1~10.4, 고속 9.3~13.7",273~380hp 엔진,43~60kg.m 엔진,"2,497~3,470cc","I4, I6, V6 트윈터보","FR, AWD",자동8단,"4,945mm","1,715mm","1,975mm","2,955mm"
볼보 XC40 리차지,준중형 SUV,2023,"6,388만원",전기,337km 1회 충전 시,"복합 3.9km/kWh 도심 4.2, 고속 3.6",300kW 모터 402hp (단순환산치),660Nm 모터 67.3kg.m (단순환산치),78kWh 배터리,AWD,자동1단,"4,440mm","1,635mm","1,875mm","2,702mm"
메르세데스-벤츠 EQE,준대형 세단,2023,"9,210~10,620만원",전기,433~471km 1회 충전 시,"복합 4~4.3km/kWh 도심 4.1~4.5, 고속 3.9~4.1",215kW 모터 288hp (단순환산치),565Nm 모터 57.6kg.m (단순환산치),90.6kWh 배터리,"RR, AWD",자동1단,"4,965mm","1,510mm","1,905mm","3,120mm"
대창모터스 다니고 C,소형 트럭,2023,"3,480~3,880만원",전기,156~214km 1회 충전 시,"복합 도심 , 고속",60kW 모터 80hp (단순환산치),38.7~57.7kWh 배터리,RR,자동1단,"4,700mm","1,920mm","1,635mm","3,050mm",
쉐보레 트랙스 크로스오버,소형 SUV,2024,"2,068~2,760만원",가솔린,"복합 12~12.7km/ℓ 도심 11.1~11.7, 고속 13.2~14.3",139hp 엔진,22.4kg.m 엔진,"1,199cc",I3 싱글터보,FF,자동6단,"4,540mm","1,560mm","1,825mm","2,700mm"
BMW 1시리즈,준중형 해치백,2023,"4,150~6,010만원",가솔린,"복합 10~11km/ℓ 도심 8.9~9.7, 고속 11.8~13",192~306hp 엔진,28.6~45.9kg.m 엔진,"1,998cc",I4 싱글터보,"FF, AWD",토크컨버터8단,"4,320mm","1,435mm","1,800mm","2,670~2,690mm"
BMW 2시리즈 그란쿠페,준중형 쿠페,2023,"4,610~6,300만원",가솔린,"복합 10.4~11.2km/ℓ 도심 9.2~9.8, 고속 12.3~13.5",192~306hp 엔진,28.6~45.9kg.m 엔진,"1,998cc",I4 싱글터보,"FF, AWD",자동8단,"4,525mm","1,420mm","1,800mm","2,670mm"
메르세데스-벤츠 E클래스 쿠페,준대형 쿠페,2023,"8,870~10,960만원","가솔린, 디젤","복합 9.1~13.5km/ℓ 도심 8~12.2, 고속 11.2~15.4",265~367hp 엔진,51~56.1kg.m 엔진,"1,993~2,999cc","I4, I6 트윈터보",AWD,자동9단,"4,845mm","1,425~1,435mm","1,860mm","2,875mm"
지프 그랜드 체로키 L,준대형 SUV,2023,"8,910~9,880만원",가솔린,"복합 7.7km/ℓ 도심 6.7, 고속 9.4",286hp 엔진,35.1kg.m 엔진,"3,604cc",V6 자연흡기,4WD,자동8단,"5,220mm","1,795mm","1,975mm","3,090mm"
미니 컨버터블 S,소형 컨버터블,2024,"5,200만원",가솔린,"복합 12km/ℓ 도심 10.5, 고속 14.6",192hp 엔진,28.5kg.m 엔진,"1,998cc",I4 싱글터보,FF,DCT7단,"3,875mm","1,415mm","1,725mm","2,495mm"
아우디 Q7,준대형 SUV,2023,"9,896~11,834만원","가솔린, 디젤","복합 8.4~11km/ℓ 도심 7.5~9.7, 고속 10~13",231~340hp 엔진,50.9~61.1kg.m 엔진,"2,967~2,995cc",V6 싱글터보,AWD,자동8단,"5,065mm","1,740~1,780mm","1,970mm","2,996~2,999mm"
제네시스 G80,준대형 세단,2023,"5,548~6,488만원",가솔린,"복합 8.4~10.8km/ℓ 도심 7.3~9.5, 고속 10.3~13",304~380hp 엔진,43~54kg.m 엔진,"2,497~3,470cc","I4, V6 트윈터보","FR, AWD",자동8단,"4,995mm","1,465mm","1,925mm","3,010mm"
포드 브롱코 4도어,중형 SUV,2023,"8,160만원",가솔린,"복합 8.2km/ℓ 도심 7.5, 고속 9.4",310hp 엔진,55kg.m 엔진,"2,694cc",V6 트윈터보,AWD,자동10단,"4,810mm","1,845mm","1,930mm","2,950mm"
BMW XM,대형 SUV,2023,"22,190~22,530만원","전기, 가솔린, 하이브리드","복합 10km/ℓ 도심 9.6, 고속 10.4",653hp/489hp/145kW 합산/엔진/모터,81.6kg.m/66.3kg.m/28.6Nm 합산/엔진/모터,"4,395cc",V8 트윈터보,AWD,자동8단,"5,110mm","1,755mm","2,005mm","3,105mm"
메르세데스-벤츠 AMG CLA클래스,준중형 쿠페,2023,"8,950만원",가솔린,"복합 9km/ℓ 도심 7.8, 고속 10.9",421hp 엔진,51kg.m 엔진,"1,991cc",I4 싱글터보,AWD,DCT8단,"4,695mm","1,405mm","1,855mm","2,730mm"
제네시스 일렉트리파이드 GV70,중형 SUV,2022,"7,332만원",전기,400km 1회 충전 시,"복합 4.6km/kWh 도심 5, 고속 4.1",320kW 모터 429hp (단순환산치),700Nm 모터 71.4kg.m (단순환산치),77.4kWh 배터리,AWD,자동1단,"4,715mm","1,630mm","1,910mm","2,875mm"
KG 모빌리티 렉스턴 스포츠 칸,준대형 트럭,2024,"3,088~4,469만원",디젤,"복합 10.2~10.5km/ℓ 도심 9.4~9.8, 고속 11~11.8",202hp 엔진,45kg.m 엔진,"2,157cc",I4 싱글터보,"FR, 4WD",자동6단,"5,405~5,415mm","1,855~1,885mm","1,950mm","3,210mm"
메르세데스-벤츠 E클래스 플러그인 하이브리드,준대형 세단,2023,"9,130만원","전기, 가솔린, 하이브리드","복합 10.2km/ℓ 도심 9.6, 고속 11",211hp/90kW 엔진/모터,35.7kg.m/440Nm 엔진/모터,"1,991cc",I4 싱글터보,AWD,자동9단,"4,940mm","1,480mm","1,850mm","2,940mm"
BMW M8,대형 쿠페,2023,"24,080만원",가솔린,"복합 7.6km/ℓ 도심 6.7, 고속 8.9",625hp 엔진,76.5kg.m 엔진,"4,395cc",V8 트윈터보,AWD,자동8단,"4,865mm","1,380mm","1,905mm","2,827mm"
대창모터스 다니고 W,소형 트럭,2023,"4,380만원",전기,186km 1회 충전 시,"복합 도심 , 고속",60kW 모터 80hp (단순환산치),57.7kWh 배터리,RR,자동1단,"4,700mm","2,510mm","1,635mm","3,050mm",
링컨 코세어,준중형 SUV,2022,"5,930만원",가솔린,"복합 9.2km/ℓ 도심 8, 고속 11.3",238hp 엔진,38.7kg.m 엔진,"1,999cc",I4 싱글터보,AWD,자동8단,"4,585mm","1,630mm","1,885mm","2,710mm"
캐딜락 에스컬레이드,대형 SUV,2023,"15,557~16,557만원",가솔린,"복합 6.5~7km/ℓ 도심 5.7~6.1, 고속 7.9~8.4",426hp 엔진,63.6kg.m 엔진,"6,162cc",V8 자연흡기,AWD,자동10단,"5,380~5,765mm","1,935~1,945mm","2,060mm","3,071~3,407mm"
메르세데스-벤츠 E클래스 카브리올레,준대형 컨버터블,2023,"11,470만원",가솔린,"복합 9.7km/ℓ 도심 8.7, 고속 11.2",367hp 엔진,51kg.m 엔진,"2,999cc",I6 트윈터보,AWD,자동9단,"4,855mm","1,435mm","1,860mm","2,875mm"
포르쉐 카이엔 E-하이브리드 쿠페,준대형 SUV,2022,"12,760~14,620만원","전기, 가솔린, 하이브리드","복합 7.7~8km/ℓ 도심 7.5, 고속 8",456hp/343hp/100kW 합산/엔진/모터,71.4kg.m/45.9kg.m/400Nm 합산/엔진/모터,"2,995cc",V6 싱글터보,AWD,DCT8단,"4,930mm","1,675mm","1,985mm","2,895mm"
렉서스 RZ,중형 SUV,2023,"8,490~9,300만원",전기,377km 1회 충전 시,"복합 5.4km/kWh 도심 5.8, 고속 4.9",230kW 모터 308hp (단순환산치),435Nm 모터 44.4kg.m (단순환산치),71.4kWh 배터리,AWD,자동1단,"4,805mm","1,635mm","1,895mm","2,850mm"
BMW 3시리즈,중형 세단,2023,"5,530~8,740만원","가솔린, 디젤","복합 10.4~15km/ℓ 도심 9.1~13.8, 고속 12.6~16.9",184~387hp 엔진,30.6~51kg.m 엔진,"1,995~2,998cc","I4, I6 싱글터보","FR, AWD",자동8단,"4,713~4,714mm","1,440~1,445mm","1,827mm","2,851mm"
메르세데스-벤츠 AMG EQE,준대형 세단,2023,"14,520만원",전기,354km 1회 충전 시,"복합 3.3km/kWh 도심 , 고속",460kW 모터 616hp (단순환산치),950Nm 모터 96.9kg.m (단순환산치),90.5kWh 배터리,AWD,자동1단,"4,965mm","1,495mm","1,905mm","3,120mm"
렉서스 ES F 스포츠 하이브리드,준대형 세단,2023,"7,410만원","가솔린, 하이브리드","복합 16.8km/ℓ 도심 17.1, 고속 16.5",178hp 엔진,22.5kg.m 엔진,"2,487cc",I4 자연흡기,FF,CVT,"4,975mm","1,445mm","1,865mm","2,870mm"
포르쉐 타이칸,준대형 세단,2021,"14,560~23,360만원",전기,251~289km 1회 충전 시,"복합 2.8~2.9km/kWh 도심 , 고속",390~560kW 모터 523~750hp (단순환산치),"640~1,050Nm 모터 65.3~107.1kg.m (단순환산치)",79.2~93.4kWh 배터리,AWD,자동2단,"4,963~4,965mm","1,379~1,380mm","1,965~1,966mm","2,900mm"
아우디 SQ5 스포트백,중형 SUV,2023,"9,705만원",가솔린,"복합 8.9km/ℓ 도심 7.8, 고속 10.7",354hp 엔진,50.9kg.m 엔진,"2,995cc",V6 싱글터보,AWD,자동8단,"4,690mm","1,675mm","1,895mm","2,825mm"
캐딜락 XT5,중형 SUV,2022,"6,843~7,632만원",가솔린,"복합 8km/ℓ 도심 6.9, 고속 10",314hp 엔진,37.4kg.m 엔진,"3,649cc",V6 자연흡기,AWD,자동9단,"4,815mm","1,685mm","1,905mm","2,857mm"
BMW X5 플러그인 하이브리드,준대형 SUV,2024,"12,820~13,520만원","전기, 가솔린, 하이브리드","복합 9.4km/ℓ 도심 , 고속",489hp/313hp/145kW 합산/엔진/모터,71.4kg.m/45.8kg.m/280Nm 합산/엔진/모터,"2,998cc",I6 싱글터보,AWD,자동8단,"4,935mm","1,755mm","2,005mm","2,975mm"
KG 모빌리티 렉스턴 스포츠,준대형 트럭,2024,"2,827~4,031만원",디젤,"복합 10.4~10.6km/ℓ 도심 9.4~9.8, 고속 11.3~12.1",202hp 엔진,45kg.m 엔진,"2,157cc",I4 싱글터보,"4WD, FR",자동6단,"5,095~5,105mm","1,840~1,870mm","1,950mm","3,100mm"
포드 레인저 랩터,준대형 트럭,2023,"7,990만원",디젤,"복합 9km/ℓ 도심 8.5, 고속 9.8",210hp 엔진,51kg.m 엔진,"1,996cc",I4 트윈터보,4WD,자동10단,"5,380mm","2,030mm","1,920mm","3,270mm"
폭스바겐 골프 GTI,준중형 해치백,2023,"4,509만원",가솔린,"복합 11.5km/ℓ 도심 10.1, 고속 13.9",245hp 엔진,37.8kg.m 엔진,"1,984cc",I4 싱글터보,FF,DCT7단,"4,290mm","1,445mm","1,790mm","2,636mm"
아우디 A5 카브리올레,중형 컨버터블,2023,"7,937만원",가솔린,"복합 10.7km/ℓ 도심 9.5, 고속 12.5",265hp 엔진,37.7kg.m 엔진,"1,984cc",I4 싱글터보,AWD,자동7단,"4,705mm","1,390mm","1,845mm","2,765mm"
메르세데스-벤츠 AMG GLA클래스,준중형 SUV,2023,"8,320만원",가솔린,"복합 8.4km/ℓ 도심 7.6, 고속 9.7",387hp 엔진,48.9kg.m 엔진,"1,991cc",I4 싱글터보,AWD,DCT8단,"4,440mm","1,585mm","1,850mm","2,730mm"
기아 봉고3 EV,중형 트럭,2023,"4,365~4,550만원",전기,211km 1회 충전 시,"복합 3.1km/kWh 도심 3.6, 고속 2.7",135kW 모터 181hp (단순환산치),395Nm 모터 40.3kg.m (단순환산치),58.8kWh 배터리,RR,자동1단,"5,115mm","1,995mm","1,740mm","2,810mm"
아우디 A7 플러그인 하이브리드,준대형 쿠페,2023,"9,985만원","전기, 가솔린, 하이브리드","복합 15.7km/ℓ 도심 14.6, 고속 17.2",367hp/252hp/105kW 합산/엔진/모터,51kg.m/37.7kg.m/350Nm 합산/엔진/모터,"1,984cc",I4 싱글터보,AWD,자동7단,"4,975mm","1,425mm","1,910mm","2,927mm"
메르세데스-벤츠 EQB,준중형 SUV,2023,"7,600~8,190만원",전기,313km 1회 충전 시,"복합 4.1km/kWh 도심 4.4, 고속 3.8",168kW 모터 225hp (단순환산치),390Nm 모터 39.8kg.m (단순환산치),66.5kWh 배터리,AWD,자동1단,"4,685mm","1,700mm","1,835mm","2,829mm"
푸조 508 SW,중형 왜건,2022,"4,990만원",디젤,"복합 17.2km/ℓ 도심 15.4, 고속 20",130hp 엔진,30.6kg.m 엔진,"1,499cc",l4 싱글터보,FF,자동8단,"4,780mm","1,420mm","1,860mm","2,800mm"
포르쉐 타이칸 크로스 투리스모,준대형 왜건,2022,"13,800~20,060만원",전기,274~287km 1회 충전 시,"복합 2.8~2.9km/kWh 도심 , 고속",350~500kW 모터 469~670hp (단순환산치),500~850Nm 모터 51~86.7kg.m (단순환산치),93.4kWh 배터리,AWD,자동2단,"4,975mm","1,410mm","1,965mm","2,904mm"
아우디 A6,준대형 세단,2023,"6,946~9,266만원","가솔린, 디젤","복합 10.7~15km/ℓ 도심 9.5~13.7, 고속 12.8~17",204~286hp 엔진,37.7~63.2kg.m 엔진,"1,968~2,967cc","I4, V6 싱글터보","FF, AWD",자동,"4,940~4,950mm","1,460mm","1,885mm","2,924mm"
테슬라 모델3,중형 세단,2023,"6,034~7,594만원",전기,403~480km 1회 충전 시,"복합 5.1~5.7km/kWh 도심 4.8, 고속 4.5",208~360kW 모터 279~482hp (단순환산치),353~660Nm 모터 36.0~67.3kg.m (단순환산치),50~75kWh 배터리,"RR, AWD",자동1단,"4,694mm","1,443mm","1,849mm","2,875mm"
메르세데스-벤츠 A클래스,준중형 해치백,2023,"4,510만원",가솔린,"복합 11.9km/ℓ 도심 10.5, 고속 14.3",190hp 엔진,30.6kg.m 엔진,"1,991cc",I4 싱글터보,FF,DCT7단,"4,420mm","1,445mm","1,795mm","2,729mm"
메르세데스-벤츠 AMG A클래스 세단,준중형 세단,2023,"6,730만원",가솔린,"복합 10.1km/ℓ 도심 9.2, 고속 11.7",306hp 엔진,40.8kg.m 엔진,"1,991cc",I4 싱글터보,AWD,DCT7단,"4,565mm","1,415mm","1,790mm","2,730mm"
기아 K8,준대형 세단,2023,"3,284~4,599만원","LPG, 가솔린","복합 7.7~12km/ℓ 도심 6.6~10.3, 고속 9.6~15",198~300hp 엔진,25.3~36.6kg.m 엔진,"2,497~3,470cc","I4, V6 자연흡기","FF, AWD",자동8단,"5,015mm","1,455mm","1,875mm","2,895mm"
포르쉐 마칸 GTS,중형 SUV,2022,"11,450만원",가솔린,"복합 7.6km/ℓ 도심 6.9, 고속 8.8",443hp 엔진,56.1kg.m 엔진,"2,894cc",V6 트윈터보,AWD,DCT7단,"4,725mm","1,585mm","1,925mm","2,805mm"
대창모터스 다니고 T,소형 트럭,2023,"4,280만원",전기,181km 1회 충전 시,"복합 도심 , 고속",60kW 모터 80hp (단순환산치),57.7kWh 배터리,RR,자동1단,"4,635mm","2,315mm","1,635mm","3,050mm",
미니 컨트리맨,소형 SUV,2024,"4,830만원",가솔린,"복합 11.6km/ℓ 도심 10.5, 고속 13.2",136hp 엔진,22.4kg.m 엔진,"1,499cc",I3 싱글터보,FF,DCT7단,"4,295mm","1,555mm","1,820mm","2,670mm"
아우디 S5 스포트백,중형 쿠페,2022,"8,449만원",가솔린,"복합 9.2km/ℓ 도심 8.1, 고속 11.1",354hp 엔진,50.9kg.m 엔진,"2,995cc",V6 싱글터보,AWD,자동8단,"4,765mm","1,400mm","1,845mm","2,826mm"
랜드로버 레인지로버,대형 SUV,2023,"20,397~22,437만원","가솔린, 디젤","복합 6.8~10.1km/ℓ 도심 5.6~8.8, 고속 9~12.3",350~530hp 엔진,71.4~76.5kg.m 엔진,"2,997~4,395cc","I6, V8 트윈터보",AWD,자동8단,"5,052mm","1,870mm","2,003mm","2,997mm"
BMW X3,중형 SUV,2023,"6,570~9,670만원","가솔린, 디젤","복합 9.2~12.2km/ℓ 도심 8.1~11, 고속 10.9~14.1",184~387hp 엔진,29.5~51kg.m 엔진,"1,995~2,998cc","I4, I6 싱글터보",AWD,자동8단,"4,710~4,715mm","1,675mm","1,890mm","2,865mm"
BMW iX1,준중형 SUV,2023,"6,710~6,950만원",전기,310km 1회 충전 시,"복합 4.2km/kWh 도심 4.2, 고속 4.1",234kW 모터 314hp (단순환산치),494Nm 모터 50.4kg.m (단순환산치),66.5kWh 배터리,AWD,자동1단,"4,500mm","1,615mm","1,835mm","2,690mm"
푸조 5008 GT,중형 SUV,2023,"6,100만원",디젤,"복합 15km/ℓ 도심 13.4, 고속 17.4",177hp 엔진,40.8kg.m 엔진,"1,997cc",I4 싱글터보,FF,자동8단,"4,640mm","1,650mm","1,845mm","2,840mm"
토요타 라브4 하이브리드,준중형 SUV,2023,"4,380~4,950만원","가솔린, 하이브리드","복합 15.1~16.1km/ℓ 도심 15.4~17.1, 고속 14.7~15.1",218~222hp/178hp 합산/엔진,22.5kg.m 엔진,"2,487cc",I4 자연흡기,"FF, AWD",CVT,"4,600mm","1,685mm","1,855mm","2,690mm"
아우디 RSQ8,준대형 SUV,2023,"17,922만원",가솔린,"복합 6.6km/ℓ 도심 5.8, 고속 8.2",600hp 엔진,81.5kg.m 엔진,"3,996cc",V8 트윈터보,AWD,자동8단,"5,010mm","1,750mm","2,000mm","2,998mm"
르노코리아 XM3 E-TECH 하이브리드,소형 SUV,2023,"3,165~3,422만원","가솔린, 하이브리드","복합 17~17.4km/ℓ 도심 17.4~17.5, 고속 16.6~17.3",86hp 엔진,13.9kg.m 엔진,"1,598cc",I4 자연흡기,FF,자동6단,"4,570mm","1,570mm","1,820mm","2,720mm"
BMW M3,중형 세단,2023,"13,060만원",가솔린,"복합 8.3km/ℓ 도심 7.3, 고속 10",510hp 엔진,66.3kg.m 엔진,"2,993cc",I6 트윈터보,AWD,자동8단,"4,795mm","1,440mm","1,905mm","2,855mm"
메르세데스-벤츠 C클래스,중형 세단,2023,"6,830~7,400만원",가솔린,"복합 11.2km/ℓ 도심 9.9, 고속 13.4",258hp 엔진,40.8kg.m 엔진,"1,999cc",I4 싱글터보,AWD,자동9단,"4,755~4,795mm","1,455mm","1,820mm","2,865mm"
렉서스 LC 컨버터블,스포츠카 컨버터블,2023,"19,050만원",가솔린,"복합 7.5km/ℓ 도심 6.1, 고속 10.5",477hp 엔진,55.1kg.m 엔진,"4,969cc",V8 자연흡기,FR,자동10단,"4,760mm","1,350mm","1,920mm","2,870mm"
아우디 SQ5,중형 SUV,2023,"9,411만원",가솔린,"복합 8.6km/ℓ 도심 7.6, 고속 10.5",354hp 엔진,50.9kg.m 엔진,"2,995cc",V6 싱글터보,AWD,자동8단,"4,680mm","1,640mm","1,895mm","2,825mm"
쉐보레 이쿼녹스,중형 SUV,2022,"3,145~4,145만원",가솔린,"복합 10.6~11.5km/ℓ 도심 9.8~10.6, 고속 11.9~12.8",172hp 엔진,28kg.m 엔진,"1,490cc",I4 싱글터보,"FF, AWD",자동6단,"4,650mm","1,660~1,690mm","1,845mm","2,725mm"
현대 포레스트,대형 RV,2023,"7,201~8,725만원",디젤,"복합 도심 , 고속",133hp 엔진,30kg.m 엔진,"2,497cc",I4 싱글터보,FR,자동5단,"5,680mm","2,930mm","2,130mm","2,640mm"
람보르기니 우루스 S,대형 SUV,2023,"29,000만원",가솔린,"복합 도심 , 고속",666hp 엔진,86.7kg.m 엔진,"3,996cc",V8 트윈터보,AWD,자동8단,"5,112mm","1,638mm","2,018mm","2,003mm"
페라리 SF90 스트라달레,스포츠카 쿠페,2019,"64,000만원","전기, 가솔린, 하이브리드","복합 7.4km/ℓ 도심 6.9, 고속 8.1",986hp/780hp/162kW 합산/엔진/모터,81.6kg.m 엔진,"3,990cc",V8 트윈터보,AWD,DCT8단,"4,705mm","1,225mm","1,975mm","2,650mm"
볼보 S60,중형 세단,2023,"5,610만원",가솔린,"복합 11.3km/ℓ 도심 9.7, 고속 14.2",250hp 엔진,35.7kg.m 엔진,"1,969cc",I4 싱글터보,FF,자동8단,"4,780mm","1,430mm","1,850mm","2,872mm"
포르쉐 파나메라,대형 세단,2022,"15,030~30,810만원",가솔린,"복합 7.1~8km/ℓ 도심 6.2~7.1, 고속 8.6~9.6",336~642hp 엔진,45.9~83.7kg.m 엔진,"2,894~3,996cc","V6, V8 트윈터보",AWD,DCT8단,"5,049~5,199mm","1,423~1,428mm","1,937mm","2,950~3,100mm"
폭스바겐 투아렉,준대형 SUV,2023,"8,830~10,284만원  내차시세",디젤,"복합 10.8km/ℓ 도심 9.6, 고속 12.8",286hp 엔진,V6 트윈터보,,,,,,,,
메르세데스-벤츠 AMG CLS클래스,준대형 쿠페,2023,"14,040만원",가솔린,"복합 9.1km/ℓ 도심 8.2, 고속 10.4",435hp 엔진,53kg.m 엔진,"2,999cc",I6 트윈터보,AWD,자동9단,"4,995mm","1,420mm","1,895mm","2,940mm"
현대 아반떼 하이브리드,준중형 세단,2023,"2,466~3,084만원","가솔린, 하이브리드","복합 21.1km/ℓ 도심 21.4, 고속 20.7",141hp/105hp 합산/엔진,15kg.m 엔진,"1,580cc",I4 자연흡기,FF,DCT6단,"4,710mm","1,420mm","1,825mm","2,720mm"
롤스로이스 고스트 EWB,대형 세단,2021,"52,300만원",가솔린,"복합 5.8km/ℓ 도심 4.9, 고속 7.7",571hp 엔진,86.7kg.m 엔진,"6,749cc",V12 트윈터보,FR,자동8단,"5,716mm","1,571mm","1,978mm","3,465mm"
로터스 에미라,스포츠카 쿠페,2022,"14,200~14,650만원",가솔린,"복합 도심 , 고속",360~400hp 엔진,43.9kg.m 엔진,"1,991~3,456cc","I4, V6 슈퍼차저",MR,"자동6단, 수동6단, DCT7단","4,412mm","1,225mm","1,895mm","2,575mm"
토요타 라브4 플러그인 하이브리드,준중형 SUV,2023,"5,650만원","전기, 가솔린, 하이브리드","복합 15.6km/ℓ 도심 16.3, 고속 14.7",306hp/178hp/174kW 합산/엔진/모터,22.7kg.m 엔진,"2,487cc",I4 자연흡기,AWD,CVT,"4,600mm","1,690mm","1,855mm","2,690mm"
현대 포터2,중형 트럭,2023,"1,854~2,366만원",디젤,"복합 8.6~9.5km/ℓ 도심 8.2~9.2, 고속 9.1~10",133~135hp 엔진,26.5~30kg.m 엔진,"2,497cc",l4 싱글터보,"FR, AWD","자동5단, 수동6단","4,775~5,175mm","1,970~2,100mm","1,740mm","2,430~2,640mm"
현대 아반떼,준중형 세단,2023,"1,975~2,818만원","LPG, 가솔린","복합 10.3~15.3km/ℓ 도심 9.1~13.7, 고속 12.1~17.7",120~123hp 엔진,15.5~15.7kg.m 엔진,"1,591~1,598cc",I4 자연흡기,FF,"자동6단, CVT","4,710mm","1,420mm","1,825mm","2,720mm"
현대 스타리아 리무진,대형 RV,2022,"5,867~6,279만원",디젤,"복합 9.4~10km/ℓ 도심 8.4~8.9, 고속 10.9~11.7",177hp 엔진,44kg.m 엔진,"2,199cc",I4 싱글터보,"FF, AWD",자동8단,"5,255mm","2,200mm","1,995mm","3,275mm"
롤스로이스 고스트,대형 세단,2021,"47,100만원",가솔린,"복합 5.7km/ℓ 도심 4.8, 고속 7.3",571hp 엔진,86.7kg.m 엔진,"6,749cc",V12 트윈터보,FR,자동8단,"5,546mm","1,571mm","1,978mm","3,295mm"
폭스바겐 파사트 GT,중형 세단,2022,"4,312~5,147만원",디젤,"복합 14.3~15.7km/ℓ 도심 12.8~13.9, 고속 16.7~18.6",200hp 엔진,40.8kg.m 엔진,"1,968cc",I4 싱글터보,"FF, AWD",DCT7단,"4,775mm","1,460mm","1,830mm","2,786mm"
푸조 508,중형 세단,2022,"4,590~5,390만원",디젤,"복합 15.6~17.2km/ℓ 도심 14.3~15.4, 고속 17.7~20",130hp 엔진,30.6kg.m 엔진,"1,499cc",l4 싱글터보,FF,자동8단,"4,750mm","1,420mm","1,860mm","2,800mm"
페라리 푸로산게,준대형 SUV,2023,가솔린,"복합 도심 , 고속",725hp 엔진,73kg.m 엔진,"6,496cc",V12 자연흡기,AWD,DCT8단,"4,973mm","1,589mm","2,028mm","3,018mm",
지프 그랜드 체로키 4XE,준대형 SUV,2023,"9,440~11,190만원","전기, 가솔린, 하이브리드","복합 8.8km/ℓ 도심 8.2, 고속 9.7",272hp 합산,40.8kg.m 엔진,"1,995cc",I4 싱글터보,4WD,자동8단,"4,900~4,910mm","1,790mm","1,980mm","2,965mm"
기아 셀토스,소형 SUV,2024,"2,087~2,903만원",가솔린,"복합 10.8~12.9km/ℓ 도심 9.8~11.8, 고속 12.2~14.6",149~198hp 엔진,18.3~27kg.m 엔진,"1,598~1,999cc",I4 자연흡기,"FF, AWD","자동8단, CVT","4,390mm","1,600~1,620mm","1,800mm","2,630mm"
애스턴마틴 DBX,대형 SUV,2020,"24,800만원",가솔린,"복합 6.9km/ℓ 도심 , 고속",550hp 엔진,71.4kg.m 엔진,"3,982cc",V8 트윈터보,AWD,자동9단,"5,039mm","1,680mm","2,050mm","3,060mm"
미니 클럽맨,소형 왜건,2024,"4,310만원",가솔린,"복합 11.5km/ℓ 도심 10.4, 고속 13.3",136hp 엔진,22.4kg.m 엔진,"1,499cc",I3 싱글터보,FF,DCT7단,"4,266mm","1,440mm","1,800mm","2,670mm"
아우디 Q2,소형 SUV,2023,"4,020~4,363만원",디젤,"복합 16.7km/ℓ 도심 15.5, 고속 18.5",150hp 엔진,36.7kg.m 엔진,"1,968cc",I4 싱글터보,FF,DCT7단,"4,210~4,215mm","1,535mm","1,795mm","2,600mm"
시트로엥 그랜드 C4 스페이스 투어러,준중형 RV,2021,"4,229~4,585만원",디젤,"복합 14.5km/ℓ 도심 13.5, 고속 16",131hp 엔진,30.6kg.m 엔진,"1,499cc",I4 싱글터보,FF,자동8단,"4,600mm","1,645mm","1,825mm","2,840mm"
메르세데스-벤츠 AMG GT C 로드스터,스포츠카 컨버터블,2021,"21,960만원",가솔린,"복합 7km/ℓ 도심 , 고속",557hp 엔진,69.3kg.m 엔진,"3,982cc",V8 트윈터보,FR,DCT7단,"4,550mm","1,255mm","2,005mm","2,630mm"
페라리 812 슈퍼패스트,스포츠카 쿠페,2017,"47,100만원",가솔린,"복합 5.4km/ℓ 도심 4.8, 고속 6.6",800hp 엔진,73.2kg.m 엔진,"6,496cc",V12 자연흡기,FR,DCT7단,"4,660mm","1,275mm","1,970mm","2,720mm"
메르세데스-벤츠 S클래스 플러그인 하이브리드,대형 세단,2023,"24,200만원","전기, 가솔린, 하이브리드","복합 도심 , 고속",510hp/367hp/110kW 합산/엔진/모터,76.5kg.m/51kg.m/440Nm 합산/엔진/모터,"2,999cc",I6 트윈터보,AWD,자동9단,"5,320mm","1,503mm","1,954mm","3,216mm"
마세라티 그레칼레,중형 SUV,2023,"9,900~16,900만원",가솔린,"복합 8~9.9km/ℓ 도심 7~9, 고속 9.6~11.2",300~530hp 엔진,45.9~63.2kg.m 엔진,"1,995~2,992cc","I4, V6 트윈터보",AWD,자동8단,"4,850~4,860mm","1,660~1,670mm","1,950~1,980mm","2,901mm"
기아 K5,중형 세단,2023,"2,418~3,308만원","LPG, 가솔린","복합 9.8~13.6km/ℓ 도심 8.7~12.1, 고속 11.4~16",146~180hp 엔진,19.5~27kg.m 엔진,"1,598~1,999cc",I4 자연흡기,FF,자동,"4,905mm","1,445mm","1,860mm","2,850mm"
포르쉐 카이엔 E-하이브리드,준대형 SUV,2022,"12,160~14,290만원","전기, 가솔린, 하이브리드","복합 7.7~8km/ℓ 도심 7.5, 고속 8",456hp/343hp/100kW 합산/엔진/모터,71.4kg.m/45.9kg.m/400Nm 합산/엔진/모터,"2,995cc",V6 싱글터보,AWD,DCT8단,"4,920mm","1,710mm","1,985mm","2,895mm"
롤스로이스 고스트 블랙배지,대형 세단,2022,"55,500만원",가솔린,"복합 5.6km/ℓ 도심 4.6, 고속 7.4",600hp 엔진,91.8kg.m 엔진,"6,749cc",V12 트윈터보,FR,자동8단,"5,546mm","1,571mm","1,978mm","3,295mm"
포드 익스플로러,준대형 SUV,2023,"6,865~7,895만원",가솔린,"복합 8.3~8.9km/ℓ 도심 7.2~8.1, 고속 10.2",304~370hp 엔진,42.9~54kg.m 엔진,"2,261~2,956cc","I4, V6 트윈터보",AWD,자동10단,"5,050mm","1,775mm","2,005mm","3,025mm"
토요타 GR 86,스포츠카 쿠페,2022,"4,090~4,690만원",가솔린,"복합 9.5km/ℓ 도심 8.2, 고속 11.9",231hp 엔진,25.5kg.m 엔진,"2,387cc",F4 자연흡기,FR,수동6단,"4,265mm","1,310mm","1,775mm","2,575mm"
메르세데스-벤츠 AMG GLB클래스,준중형 SUV,2023,"7,500만원",가솔린,"복합 9km/ℓ 도심 8.1, 고속 10.4",306hp 엔진,40.8kg.m 엔진,"1,991cc",I4 싱글터보,AWD,DCT8단,"4,650mm","1,660mm","1,845mm","2,830mm"
페라리 포르토피노,스포츠카 컨버터블,2018,"29,900만원",가솔린,"복합 8.1km/ℓ 도심 7.3, 고속 9.5",600hp 엔진,77.5kg.m 엔진,"3,855cc",V8 트윈터보,FR,DCT7단,"4,585mm","1,320mm","1,940mm","2,670mm"
기아 레이,경형 RV,2023,"1,340~1,815만원",가솔린,"복합 12.7~13km/ℓ 도심 11.9~12.2, 고속 13.7~14",76hp 엔진,9.7kg.m 엔진,998cc,I3 자연흡기,FF,자동4단,"3,595mm","1,700mm","1,595mm","2,520mm"
벤틀리 컨티넨탈 GT,대형 쿠페,2023,"32,890~38,070만원",가솔린,"복합 7.4km/ℓ 도심 6.5, 고속 8.8",550hp 엔진,78.5kg.m 엔진,"3,996cc",V8 트윈터보,AWD,자동8단,"4,850mm","1,405mm","1,965mm","2,851mm"
현대 아이오닉 6,중형 세단,2023,"5,200~6,382만원",전기,367~524km 1회 충전 시,"복합 5.5~6.2km/kWh 도심 5.9~6.8, 고속 5.2~5.5",111~239kW 모터 149~320hp (단순환산치),350~605Nm 모터 35.7~61.7kg.m (단순환산치),53~77.4kWh 배터리,"RR, AWD",자동1단,"4,855mm","1,495mm","1,880mm","2,950mm"
렉서스 LS 하이브리드,대형 세단,2023,"15,343~17,403만원","가솔린, 하이브리드","복합 9.6km/ℓ 도심 8.8, 고속 10.9",359hp/299hp 합산/엔진,35.7kg.m 엔진,"3,456cc",V6 자연흡기,AWD,CVT,"5,235mm","1,460mm","1,900mm","3,125mm"
포르쉐 911 카레라 GTS,스포츠카 쿠페,2022,"19,490~20,410만원",가솔린,"복합 7.9~8.1km/ℓ 도심 7~7.2, 고속 9.4",483hp 엔진,58.2kg.m 엔진,"2,981cc",F6 트윈터보,"RR, AWD",DCT8단,"4,535mm","1,300mm","1,850mm","2,450mm"
미니 클럽맨 S,소형 왜건,2024,"5,150만원",가솔린,"복합 10.6km/ℓ 도심 9.3, 고속 12.7",192hp 엔진,28.5kg.m 엔진,"1,998cc",I4 싱글터보,FF,DCT7단,"4,265mm","1,440mm","1,800mm","2,670mm"
메르세데스-벤츠 AMG A클래스,준중형 해치백,2023,"7,310만원",가솔린,"복합 9km/ℓ 도심 7.8, 고속 10.9",387hp 엔진,48.9kg.m 엔진,"1,991cc",I4 싱글터보,AWD,DCT8단,"4,445mm","1,410mm","1,850mm","2,730mm"
코닉세그 제메라,스포츠카 쿠페,2020,"가솔린, 하이브리드","복합 도심 , 고속","1,700hp/590hp 합산/엔진",357kg.m/61.2kg.m 합산/엔진,"1,988cc",I3,AWD,CVT,"4,975mm","1,295mm","1,988mm","3,000mm",
지프 그랜드 체로키,준대형 SUV,2023,"7,690~8,470만원",가솔린,"복합 7.4km/ℓ 도심 6.6, 고속 8.8",286hp 엔진,35.1kg.m 엔진,"3,604cc",V6 자연흡기,4WD,자동8단,"4,900mm","1,790mm","1,980mm","2,965mm"
메르세데스-벤츠 AMG E클래스,준대형 세단,2023,"12,980만원",가솔린,"복합 9.2km/ℓ 도심 8.4, 고속 10.5",435hp 엔진,53kg.m 엔진,"2,999cc",I6 트윈터보,AWD,자동9단,"4,955mm","1,450mm","1,860mm","2,940mm"
토요타 크라운 크로스오버 하이브리드,준대형 세단,2023,"5,750~6,570만원","가솔린, 하이브리드","복합 11~17.2km/ℓ 도심 10~17.6, 고속 12.5~16.6",239~348hp/186~272hp 합산/엔진,22.5~46.9kg.m 엔진,"2,393~2,487cc",I4 자연흡기,AWD,"자동6단, CVT","4,980mm","1,540mm","1,840mm","2,850mm"
랜드로버 레인지로버 스포츠,준대형 SUV,2023,"13,997~15,807만원","가솔린, 디젤","복합 8~10.4km/ℓ 도심 6.9~9.1, 고속 10.1~12.6",296~355hp 엔진,51~66.3kg.m 엔진,"2,996~2,997cc",I6 트윈터보,AWD,자동8단,"4,946mm","1,820mm","2,003mm","2,997mm"
기아 K5 하이브리드,중형 세단,2023,"2,842~3,579만원","가솔린, 하이브리드","복합 19.1~20.1km/ℓ 도심 18.8~19.9, 고속 19.3~20.2",195hp/152hp 합산/엔진,19.2kg.m 엔진,"1,999cc",I4 자연흡기,FF,자동6단,"4,905mm","1,445mm","1,860mm","2,850mm"
아우디 RS5 스포트백,중형 쿠페,2023,"12,452만원",가솔린,"복합 8.3km/ℓ 도심 7.3, 고속 10",450hp 엔진,61.8kg.m 엔진,"2,894cc",V6 트윈터보,AWD,자동8단,"4,785mm","1,410mm","1,865mm","2,826mm"
맥라렌 GT,스포츠카 쿠페,2020,"28,200만원",가솔린,"복합 8.4km/ℓ 도심 , 고속",620hp 엔진,64.2kg.m 엔진,"3,994cc",V8 트윈터보,MR,DCT7단,"4,683mm","1,213mm","2,095mm","2,675mm"
렉서스 LC 하이브리드,스포츠카 쿠페,2023,"19,240만원","가솔린, 하이브리드","복합 10.9km/ℓ 도심 10.5, 고속 11.5",359hp/299hp 합산/엔진,35.7kg.m 엔진,"3,456cc",V6 자연흡기,FR,CVT,"4,760mm","1,345mm","1,920mm","2,870mm"
쉐보레 타호,대형 SUV,2022,"9,390~9,500만원",가솔린,"복합 6.4km/ℓ 도심 5.7, 고속 7.6",426hp 엔진,63.6kg.m 엔진,"6,162cc",V8 자연흡기,4WD,자동10단,"5,350mm","1,925mm","2,060mm","3,071mm"
볼보 S90 플러그인 하이브리드,준대형 세단,2023,"8,740만원","전기, 가솔린, 하이브리드","복합 11.9km/ℓ 도심 11.2, 고속 12.8",462hp/312hp 합산/엔진,72.3kg.m/40.8kg.m 합산/엔진,"1,969cc",I4 슈퍼차저,AWD,자동8단,"5,090mm","1,445mm","1,880mm","3,060mm"
DS 4,준중형 해치백,2022,"4,460~5,160만원",디젤,"복합 16.2~16.5km/ℓ 도심 14.9~15.2, 고속 18.1~18.6",130hp 엔진,30.6kg.m 엔진,"1,499cc",I4 싱글터보,FF,자동8단,"4,410mm","1,505mm","1,830mm","2,675mm"
아우디 e-트론 GT,준대형 쿠페,2022,"14,322~16,320만원",전기,362km 1회 충전 시,"복합 3.7km/kWh 도심 3.5, 고속 3.9",390kW 모터 523hp (단순환산치),640Nm 모터 65.3kg.m (단순환산치),93.4kWh 배터리,AWD,자동2단,"4,990mm","1,405~1,420mm","1,965mm","2,898mm"
기아 K3,준중형 세단,2023,"1,765~2,468만원",가솔린,"복합 14.1~15.2km/ℓ 도심 12.6~13.6, 고속 16.3~17.7",123hp 엔진,15.7kg.m 엔진,"1,598cc",I4 자연흡기,FF,CVT,"4,645mm","1,440mm","1,800mm","2,700mm"
테슬라 모델Y,중형 SUV,2023,"7,874~8,534만원",전기,448~511km 1회 충전 시,"복합 4.8~5.4km/kWh 도심 4.9~5.6, 고속 4.7~5.2",258~336kW 모터 346~450hp (단순환산치),527~637Nm 모터 53.8~65.0kg.m (단순환산치),75kWh 배터리,AWD,자동1단,"4,750mm","1,624mm","1,921mm","2,890mm"
볼보 XC40,준중형 SUV,2023,"4,840~5,280만원",가솔린,"복합 10.1km/ℓ 도심 8.8, 고속 12.1",197hp 엔진,30.6kg.m 엔진,"1,969cc",I4 싱글터보,AWD,자동8단,"4,440mm","1,640mm","1,875mm","2,702mm"
기아 쏘렌토 하이브리드,중형 SUV,2023,"3,630~4,668만원","가솔린, 하이브리드","복합 13.2~15.3km/ℓ 도심 14~16.3, 고속 12.3~14.2",230hp/180hp 합산/엔진,35.7kg.m/27kg.m 합산/엔진,"1,598cc",I4 싱글터보,"FF, AWD",자동6단,"4,810mm","1,695~1,700mm","1,900mm","2,815mm"
BMW 2시리즈,준중형 쿠페,2022,"6,920만원",가솔린,"복합 9.6km/ℓ 도심 8.3, 고속 12",387hp 엔진,51kg.m 엔진,"2,998cc",I6 싱글터보,AWD,자동8단,"4,537mm","1,390mm","1,838mm","2,741mm"
기아 니로 EV,소형 SUV,2024,"4,855~5,120만원",전기,401km 1회 충전 시,"복합 5.3km/kWh 도심 5.9, 고속 4.8",150kW 모터 201hp (단순환산치),255Nm 모터 26.0kg.m (단순환산치),64.8kWh 배터리,FF,자동1단,"4,420mm","1,570mm","1,825mm","2,720mm"
랜드로버 디펜더 130,준대형 SUV,2023,"13,707~14,217만원","가솔린, 디젤","복합 7.2~9.9km/ℓ 도심 6.6~9.1, 고속 8.2~11.1",296~395hp 엔진,56.1~66.3kg.m 엔진,"2,996~2,997cc",I6 싱글터보,AWD,자동8단,"5,098mm","1,970mm","1,996mm","3,022mm"
레디컬 SR10,스포츠카 컨버터블,2022,"23,000만원",가솔린,"복합 도심 , 고속",425hp 엔진,52.5kg.m 엔진,"2,261cc",I4 싱글터보,MR,S/T6단,"4,077mm","1,093mm","1,799mm",
푸조 2008,소형 SUV,2022,"3,700~4,000만원",디젤,"복합 17.1km/ℓ 도심 15.7, 고속 19",130hp 엔진,30.6kg.m 엔진,"1,499cc",I4 싱글터보,FF,자동8단,"4,300mm","1,550mm","1,770mm","2,605mm"
페라리 F8 스파이더,스포츠카 컨버터블,2020,"39,700만원",가솔린,"복합 6.4km/ℓ 도심 5.6, 고속 7.7",720hp 엔진,78.5kg.m 엔진,"3,902cc",V8 트윈터보,MR,DCT7단,"4,610mm","1,200mm","1,980mm","2,650mm"
볼보 C40 리차지,준중형 SUV,2023,"6,483만원",전기,356km 1회 충전 시,"복합 4.1km/kWh 도심 4.4, 고속 3.7",300kW 모터 402hp (단순환산치),660Nm 모터 67.3kg.m (단순환산치),78kWh 배터리,AWD,자동1단,"4,440mm","1,595mm","1,875mm","2,702mm"
미니 컨버터블 JCW,소형 컨버터블,2024,"5,850만원",가솔린,"복합 11.3km/ℓ 도심 10, 고속 13.5",231hp 엔진,32.6kg.m 엔진,"1,998cc",I4 싱글터보,FF,자동8단,"3,870mm","1,415mm","1,725mm","2,495mm"
볼보 V90 크로스 컨트리,준대형 왜건,2023,"7,100~8,070만원",가솔린,"복합 10.4~10.6km/ℓ 도심 9~9.3, 고속 12.7~12.8",250~300hp 엔진,35.7~42.8kg.m 엔진,"1,969cc",I4 싱글터보,AWD,자동8단,"4,960mm","1,510mm","1,905mm","2,941mm"
랜드로버 레인지로버 이보크,준중형 SUV,2023,"6,810~7,660만원",가솔린,"복합 8.9km/ℓ 도심 7.9, 고속 10.5",249hp 엔진,37.2kg.m 엔진,"1,997cc",I4 싱글터보,AWD,자동9단,"4,371mm","1,649mm","1,904mm","2,681mm"
포드 머스탱,스포츠카 쿠페,2023,"5,150~6,825만원",가솔린,"복합 7.5~9.4km/ℓ 도심 6.2~8, 고속 10.1~12",291~446hp 엔진,44.9~54.1kg.m 엔진,"2,261~5,035cc","I4, V8 자연흡기",FR,자동10단,"4,790mm","1,380mm","1,915mm","2,720mm"
푸조 5008,중형 SUV,2023,"5,000~5,500만원","가솔린, 디젤","복합 12.1~14.9km/ℓ 도심 10.8~14.6, 고속 14.2~15.3",130hp 엔진,23.5~30.6kg.m 엔진,"1,199~1,499cc","I3, I4 싱글터보",FF,자동8단,"4,640~4,650mm","1,650mm","1,845mm","2,840mm"
BMW 7시리즈,대형 세단,2023,"15,840~17,630만원","가솔린, 디젤","복합 10.7~12.5km/ℓ 도심 9.7~11, 고속 12.2~15.2",299~381hp 엔진,55.1~68.3kg.m 엔진,"2,993~2,998cc",I6 싱글터보,"AWD, FR",자동8단,"5,390mm","1,545mm","1,950mm","3,215mm"
포르쉐 카이엔,준대형 SUV,2022,"11,120~17,100만원",가솔린,"복합 6.6~7.8km/ℓ 도심 7.1, 고속 8.9",342~550hp 엔진,45.9~78.6kg.m 엔진,"2,995~3,996cc","V6, V8 트윈터보",AWD,DCT8단,"4,918~4,926mm","1,655~1,696mm","1,983~1,985mm","2,895mm"
포르쉐 카이맨 GTS,스포츠카 쿠페,2021,"11,670만원",가솔린,"복합 8.4km/ℓ 도심 , 고속",407hp 엔진,43.9kg.m 엔진,"3,995cc",F6 자연흡기,MR,DCT7단,"4,405mm","1,285mm","1,800mm","2,475mm"
아우디 Q8,준대형 SUV,2023,"12,284만원",가솔린,"복합 8.2km/ℓ 도심 7.4, 고속 9.4",340hp 엔진,51kg.m 엔진,"2,995cc",V6 싱글터보,AWD,자동8단,"5,005mm","1,750mm","1,995mm","2,996mm"
메르세데스-벤츠 GLB클래스,준중형 SUV,2023,"6,010~6,890만원","가솔린, 디젤","복합 9.9~14.2km/ℓ 도심 8.8~13, 고속 11.9~16",150~224hp 엔진,32.6~35.7kg.m 엔진,"1,950~1,991cc",I4 싱글터보,"FF, AWD",DCT8단,"4,640~4,650mm","1,695~1,700mm","1,835~1,845mm","2,830mm"
BMW 4시리즈 컨버터블,중형 컨버터블,2024,"7,490~9,540만원",가솔린,"복합 9.6~11.4km/ℓ 도심 8.2~10.1, 고속 12.1~13.7",184~387hp 엔진,30.6~51kg.m 엔진,"1,998~2,998cc","I4, I6 싱글터보","FR, AWD",자동8단,"4,770mm","1,385mm","1,845mm","2,850mm"
아우디 Q3,준중형 SUV,2023,"4,857~5,546만원","가솔린, 디젤","복합 9.9~14.8km/ℓ 도심 8.8~13.4, 고속 11.7~16.9",150~186hp 엔진,30.5~36.7kg.m 엔진,"1,968~1,984cc",I4 싱글터보,"FF, AWD","자동7단, DCT7단","4,485~4,495mm","1,615~1,620mm","1,850mm","2,680mm"
메르세데스-벤츠 AMG SL클래스,스포츠카 컨버터블,2023,"23,500~26,000만원",가솔린,"복합 6.3km/ℓ 도심 5.3, 고속 8.3",585hp 엔진,81.5kg.m 엔진,"3,982cc",V8 트윈터보,AWD,자동9단,"4,705mm","1,365mm","1,915mm","2,700mm"
캐딜락 XT6,준대형 SUV,2023,"8,441만원",가솔린,"복합 8.3km/ℓ 도심 7.1, 고속 10.5",314hp 엔진,37.5kg.m 엔진,"3,649cc",V6 자연흡기,AWD,자동9단,"5,050mm","1,750mm","1,965mm","2,863mm"
기아 니로 플러스,소형 SUV,2024,"4,755~4,850만원",전기,392km 1회 충전 시,"복합 5.3km/kWh 도심 6, 고속 4.7",150kW 모터 201hp (단순환산치),395Nm 모터 40.3kg.m (단순환산치),64kWh 배터리,FF,자동1단,"4,385mm","1,640mm","1,805mm","2,700mm"
아우디 A4,중형 세단,2023,"5,316~6,592만원","가솔린, 디젤","복합 10.6~16.9km/ℓ 도심 9.5~15.3, 고속 12.3~19.4",163~265hp 엔진,32.6~40.8kg.m 엔진,"1,968~1,984cc",I4 싱글터보,"FF, AWD",자동7단,"4,770mm","1,430mm","1,845mm","2,822mm"
롤스로이스 컬리넌,대형 SUV,2019,"46,900만원",가솔린,"복합 5.6km/ℓ 도심 4.7, 고속 7.4",571hp 엔진,86.7kg.m 엔진,"6,749cc",V12 트윈터보,AWD,자동8단,"5,341mm","1,835mm","2,164mm","3,295mm"
메르세데스-벤츠 EQS SUV,대형 SUV,2023,"15,410~18,680만원",전기,447~459km 1회 충전 시,"복합 3.5~3.6km/kWh 도심 3.6~3.7, 고속 3.4~3.5",265~400kW 모터 355~536hp (단순환산치),800~858Nm 모터 81.6~87.5kg.m (단순환산치),107.1kWh 배터리,AWD,자동1단,"5,125~5,135mm","1,718~1,720mm","1,959mm","3,210mm"
푸조 e-2008,소형 SUV,2023,"5,290~5,490만원",전기,260km 1회 충전 시,"복합 4.9km/kWh 도심 5.2, 고속 4.5",100kW 모터 134hp (단순환산치),260Nm 모터 26.5kg.m (단순환산치),50kWh 배터리,FF,CVT,"4,305mm","1,550mm","1,770mm","2,605mm"
BMW iX,준대형 SUV,2023,"14,440만원",전기,447km 1회 충전 시,"복합 3.6km/kWh 도심 3.5, 고속 3.6",390kW 모터 523hp (단순환산치),765Nm 모터 78.0kg.m (단순환산치),111.5kWh 배터리,AWD,자동1단,"4,955mm","1,695mm","1,965mm","3,000mm"
푸조 408,중형 SUV,2023,"4,290~4,690만원",가솔린,"복합 12.9km/ℓ 도심 11.5, 고속 15",131hp 엔진,23.5kg.m 엔진,"1,199cc",I4 싱글터보,FF,자동8단,"4,700mm","1,485mm","1,850mm","2,790mm"
시트로엥 C4 칵투스,소형 SUV,2021,"3,238만원",디젤,"복합 15.5km/ℓ 도심 14.4, 고속 17.1",120hp 엔진,30.6kg.m 엔진,"1,499cc",I4 싱글터보,FF,자동6단,"4,170mm","1,530mm","1,730mm","2,595mm"
현대 넥쏘,중형 SUV,2024,"6,950만원","전기, 수소",609km 1회 충전 시,"복합 96.2km/kg 도심 99.5, 고속 92.6",113kW 모터 151hp (단순환산치),395Nm 모터 40.3kg.m (단순환산치),156.6kWh 배터리,FF,자동1단,"4,670mm","1,630mm","1,860mm","2,790mm"
현대 코나,소형 SUV,2023,"2,486~3,323만원",가솔린,"복합 11.2~13.6km/ℓ 도심 10~12.6, 고속 13.1~15.5",149~198hp 엔진,I4 싱글터보,"1,598~1,999cc",I4 싱글터보,"AWD, FF","자동8단, CVT","4,350mm","1,580~1,590mm","1,825mm","2,660mm"
BMW 7시리즈 플러그인 하이브리드,대형 세단,2023,"18,940~19,240만원","전기, 가솔린, 하이브리드","복합 15km/ℓ 도심 14, 고속 16.3",489hp/313hp/145kW 합산/엔진/모터,71.4kg.m/45.8kg.m 합산/엔진,"2,998cc",I6 싱글터보,AWD,자동8단,"5,390mm","1,545mm","1,950mm","3,215mm"
푸조 308,준중형 해치백,2023,"3,950~4,350만원",디젤,"복합 17.2km/ℓ 도심 15.6, 고속 19.6",131hp 엔진,30.6kg.m 엔진,"1,499cc",I4 싱글터보,FF,자동8단,"4,380mm","1,455mm","1,830mm","2,680mm"
아우디 Q5,중형 SUV,2023,"6,888~7,411만원","가솔린, 디젤","복합 10.5~12.8km/ℓ 도심 9.5~11.5, 고속 12~14.9",204~265hp 엔진,37.7~40.7kg.m 엔진,"1,968~1,984cc",I4 싱글터보,AWD,자동7단,"4,680mm","1,665mm","1,895mm","2,819mm"
포드 익스플로러 하이브리드,준대형 SUV,2023,"8,195만원","가솔린, 하이브리드","복합 10.4km/ℓ 도심 10.1, 고속 10.8",323hp 합산,44.5kg.m 엔진,"3,339cc",V6 자연흡기,AWD,자동10단,"5,050mm","1,775mm","2,005mm","3,025mm"
포드 머스탱 컨버터블,스포츠카 컨버터블,2023,"5,745~7,335만원",가솔린,"복합 7.5~9.4km/ℓ 도심 6.2~8, 고속 10.1~12",291~446hp 엔진,44.9~54.1kg.m 엔진,"2,261~5,035cc","I4, V8 자연흡기",FR,자동10단,"4,790mm","1,400mm","1,915mm","2,720mm"
페라리 812 GTS,스포츠카 컨버터블,2020,"51,500만원",가솔린,"복합 5.3km/ℓ 도심 4.7, 고속 6.3",800hp 엔진,73.2kg.m 엔진,"6,496cc",V12 자연흡기,MR,DCT7단,"4,695mm","1,285mm","1,970mm","2,720mm"
폭스바겐 제타,준중형 세단,2023,"3,232~3,586만원",가솔린,"복합 14.1km/ℓ 도심 12.3, 고속 17.1",160hp 엔진,25.5kg.m 엔진,"1,498cc",I4 싱글터보,FF,자동8단,"4,740mm","1,465mm","1,800mm","2,686mm"
BMW 2시리즈 액티브 투어러,준중형 RV,2023,"4,350~4,970만원","가솔린, 디젤","복합 12.2~15.8km/ℓ 도심 10.8~14.2, 고속 14.6~18.2",150~204hp 엔진,30.6~36.7kg.m 엔진,"1,995~1,998cc",I4 싱글터보,FF,DCT7단,"4,385mm","1,575mm","1,825mm","2,670mm"
람보르기니 우라칸,스포츠카 쿠페,2022,"34,000만원",가솔린,"복합 도심 , 고속",640hp 엔진,57.6kg.m 엔진,"5,204cc",V10 자연흡기,MR,DCT7단,"4,311mm","1,220mm","1,945mm","2,620mm"
캠시스 CEVO-C SE,경형 해치백,2023,"1,520~1,570만원",전기,69~75km 1회 충전 시,"복합 6.3km/kWh 도심 6.7, 고속 5.8",14.8kW 모터 20hp (단순환산치),111Nm 모터 11.3kg.m (단순환산치),10.1kWh 배터리,RR,자동1단,"2,430mm","1,550mm","1,425mm","1,575mm"
현대 팰리세이드,준대형 SUV,2024,"3,896~5,491만원","가솔린, 디젤","복합 8.5~12.4km/ℓ 도심 7.6~11.3, 고속 10~14.1",202~295hp 엔진,36.2~45kg.m 엔진,"2,199~3,778cc","V6, I4 자연흡기","AWD, FF",자동8단,"4,995mm","1,750mm","1,975mm","2,900mm"
기아 EV6 GT,준중형 SUV,2023,"7,200만원",전기,342km 1회 충전 시,"복합 3.9km/kWh 도심 4.2, 고속 3.6",430kW 모터 576hp (단순환산치),740Nm 모터 75.5kg.m (단순환산치),77.4kWh 배터리,AWD,자동1단,"4,695mm","1,545mm","1,890mm","2,900mm"
페라리 F8 트리뷰토,스포츠카 쿠페,2019,"35,200만원",가솔린,"복합 6.6km/ℓ 도심 5.8, 고속 7.8",720hp 엔진,78.5kg.m 엔진,"3,902cc",V8 트윈터보,MR,DCT7단,"4,610mm","1,205mm","1,980mm","2,650mm"
쉐보레 콜로라도,준대형 트럭,2022,"4,050~4,889만원",가솔린,"복합 7.9~8.3km/ℓ 도심 7~7.3, 고속 9.3~10.1",312hp 엔진,38kg.m 엔진,"3,649cc",V6 자연흡기,"FR, 4WD",자동8단,"5,395mm","1,795mm","1,885mm","3,258mm"
아우디 S3 세단,준중형 세단,2023,"5,963만원",가솔린,"복합 10.4km/ℓ 도심 9.2, 고속 12.5",310hp 엔진,40.7kg.m 엔진,"1,984cc",I4 싱글터보,AWD,자동7단,"4,505mm","1,420mm","1,815mm","2,630mm"
메르세데스-벤츠 AMG GT 4도어 쿠페,대형 쿠페,2023,"15,560~24,600만원",가솔린,"복합 6.7~8.2km/ℓ 도심 5.9~7.5, 고속 8.2~9.1",389~639hp 엔진,51~91.7kg.m 엔진,"2,999~3,982cc","I6, V8 트윈터보",AWD,자동9단,"5,055mm","1,455mm","1,955mm","2,950mm"
BMW iX3,중형 SUV,2023,"7,740만원",전기,344km 1회 충전 시,"복합 4.1km/kWh 도심 4.2, 고속 3.9",210kW 모터 281hp (단순환산치),400Nm 모터 40.8kg.m (단순환산치),74kWh 배터리,RR,자동1단,"4,735mm","1,670mm","1,890mm","2,865mm"
BMW M3 투어링,중형 왜건,2023,"13,490~14,360만원",가솔린,"복합 8.1km/ℓ 도심 7, 고속 9.9",510hp 엔진,66.3kg.m 엔진,"2,993cc",I6 트윈터보,AWD,자동8단,"4,800mm","1,445mm","1,905mm","2,855mm"
메르세데스-벤츠 GLE 쿠페,준대형 SUV,2023,"13,420만원",디젤,"복합 10.5km/ℓ 도심 9.8, 고속 11.5",330hp 엔진,71.4kg.m 엔진,"2,925cc",I6 싱글터보,AWD,자동9단,"4,945mm","1,715mm","2,015mm","2,995mm"
기아 스포티지 하이브리드,준중형 SUV,2023,"3,188~3,999만원","가솔린, 하이브리드","복합 15.2~16.7km/ℓ 도심 15.4~17.4, 고속 14.9~15.9",230hp/180hp 합산/엔진,35.7kg.m/27kg.m 합산/엔진,"1,598cc",I4 싱글터보,"FF, AWD",자동6단,"4,660mm","1,665~1,680mm","1,865mm","2,755mm"
BMW 5시리즈,준대형 세단,2023,"6,600~12,040만원","가솔린, 디젤","복합 7.9~15.6km/ℓ 도심 6.7~14.4, 고속 10~17.7",184~530hp 엔진,29.6~76.5kg.m 엔진,"1,995~4,395cc","I4, V8 트윈터보","FR, AWD",토크컨버터8단,"4,965mm","1,445~1,480mm","1,870mm","2,975mm"
렉서스 LC,스포츠카 쿠페,2023,"18,170만원",가솔린,"복합 7.7km/ℓ 도심 6.4, 고속 10.3",477hp 엔진,55.1kg.m 엔진,"4,969cc",V8 자연흡기,FR,자동10단,"4,760mm","1,345mm","1,920mm","2,870mm"
링컨 네비게이터,대형 SUV,2023,"15,200만원",가솔린,"복합 7.2km/ℓ 도심 6.4, 고속 8.4",446hp 엔진,71kg.m 엔진,"3,496cc",V6 트윈터보,4WD,자동10단,"5,335mm","1,940mm","2,075mm","3,110mm"
렉서스 LS,대형 세단,2023,"13,383~15,813만원",가솔린,"복합 7.9km/ℓ 도심 6.5, 고속 10.7",422hp 엔진,61.2kg.m 엔진,"3,445cc",V6 트윈터보,AWD,자동10단,"5,235mm","1,460mm","1,900mm","3,125mm"
DS 3 크로스백 E-텐스,소형 SUV,2022,"5,790만원",전기,260km 1회 충전 시,"복합 4.9km/kWh 도심 5.2, 고속 4.5",100kW 모터 134hp (단순환산치),260Nm 모터 26.5kg.m (단순환산치),50kWh 배터리,FF,CVT,"4,120mm","1,550mm","1,790mm","2,560mm"
르노 마스터,대형 밴,2022,"3,685~3,845만원",디젤,"복합 10.5~11km/ℓ 도심 10.7~11, 고속 10.3~11.1",150hp 엔진,39.3kg.m 엔진,"2,299cc",I4 트윈터보,FF,수동6단,"5,075~5,575mm","2,300~2,500mm","2,075mm","3,185~3,685mm"
현대 쏘나타,중형 세단,2024,"2,808~3,917만원","LPG, 가솔린","복합 9.4~13.5km/ℓ 도심 8.2~11.9, 고속 11.5~15.9",146~290hp 엔진,19.5~43kg.m 엔진,"1,598~2,497cc",I4 싱글터보,FF,"자동, DCT8단","4,910mm","1,445mm","1,860mm","2,840mm"
아우디 A8 L,대형 세단,2023,"15,252~19,742만원","가솔린, 디젤","복합 7.4~11.2km/ℓ 도심 6.1~9.7, 고속 9.9~13.8",286~460hp 엔진,50.9~67.3kg.m 엔진,"2,967~3,996cc","V6, V8 트윈터보",AWD,자동8단,"5,320mm","1,500~1,520mm","1,945mm","3,128mm"
아우디 Q5 스포트백,중형 SUV,2023,"7,182~7,722만원","가솔린, 디젤","복합 10.2~13km/ℓ 도심 9.1~12.2, 고속 12~14.3",204~265hp 엔진,37.7~40.7kg.m 엔진,"1,968~1,984cc",I4 싱글터보,AWD,자동7단,"4,690mm","1,660mm","1,895mm","2,820mm"
포르쉐 911 카레라 GTS 카브리올레,스포츠카 컨버터블,2022,"21,070~21,990만원",가솔린,"복합 7.9~8.1km/ℓ 도심 7~7.2, 고속 9.4",483hp 엔진,58.2kg.m 엔진,"2,981cc",F6 트윈터보,"RR, AWD",DCT8단,"4,535mm","1,300mm","1,850mm","2,450mm"
랜드로버 레인지로버 벨라,중형 SUV,2023,"9,710~11,860만원",가솔린,"복합 8.6~8.9km/ℓ 도심 8, 고속 9.5~10.4",249~400hp 엔진,37.2~56.1kg.m 엔진,"1,997~2,996cc","I4, I6 트윈터보",AWD,자동8단,"4,797mm","1,683mm","1,930mm","2,874mm"
람보르기니 우루스 퍼포만테,대형 SUV,2023,가솔린,"복합 도심 , 고속",666hp 엔진,86.7kg.m 엔진,"3,996cc",V8 트윈터보,AWD,자동8단,"5,137mm","1,618mm","2,026mm","3,006mm",
아우디 e-트론 S 스포트백,준대형 SUV,2023,"14,060만원",전기,264km 1회 충전 시,"복합 2.7km/kWh 도심 2.6, 고속 2.8",370kW 모터 496hp (단순환산치),973Nm 모터 99.2kg.m (단순환산치),95kWh 배터리,AWD,자동1단,"4,900mm","1,670mm","1,975mm","2,928mm"
미니 해치백 S 5도어,소형 해치백,2024,"4,790만원",가솔린,"복합 12.6km/ℓ 도심 11, 고속 15.3",192hp 엔진,28.6kg.m 엔진,"1,998cc",I4 싱글터보,FF,DCT7단,"4,035mm","1,425mm","1,725mm","2,565mm"
아우디 RS e-트론 GT,준대형 쿠페,2022,"20,632만원",전기,336km 1회 충전 시,"복합 3.4km/kWh 도심 3.3, 고속 3.4",475kW 모터 637hp (단순환산치),831Nm 모터 84.8kg.m (단순환산치),93.4kWh 배터리,AWD,자동2단,"4,990mm","1,400mm","1,965mm","2,900mm"
현대 투싼 하이브리드,준중형 SUV,2023,"3,027~3,777만원","가솔린, 하이브리드","복합 15.8~16.2km/ℓ 도심 16.7~16.9, 고속 14.8~15.3",230hp/180hp 합산/엔진,35.7kg.m/27kg.m 합산/엔진,"1,598cc",I4 싱글터보,FF,자동6단,"4,630~4,640mm","1,665mm","1,865mm","2,755mm"
벤틀리 벤테이가,대형 SUV,2023,"29,600~30,500만원",가솔린,"복합 6.7km/ℓ 도심 6, 고속 7.8",550hp 엔진,78.5kg.m 엔진,"3,996cc",V8 트윈터보,AWD,자동8단,"5,144mm","1,730mm","1,998mm","2,995mm"
미니 컨트리맨 JCW,소형 SUV,2024,"6,450만원",가솔린,"복합 10.4km/ℓ 도심 9.1, 고속 12.7",306hp 엔진,45.9kg.m 엔진,"1,998cc",I4 싱글터보,AWD,자동8단,"4,295mm","1,555mm","1,820mm","2,670mm"
미니 클럽맨 JCW,소형 왜건,2024,"6,230만원",가솔린,"복합 9.7km/ℓ 도심 8.6, 고속 11.6",306hp 엔진,45.9kg.m 엔진,"1,998cc",I4 싱글터보,AWD,자동8단,"4,265mm","1,440mm","1,800mm","2,670mm"
메르세데스-벤츠 EQA,준중형 SUV,2023,"6,750~7,450만원",전기,378km 1회 충전 시,"복합 4.9km/kWh 도심 5.5, 고속 4.4",140kW 모터 188hp (단순환산치),375Nm 모터 38.2kg.m (단순환산치),66.5kWh 배터리,FF,자동1단,"4,465mm","1,625mm","1,835mm","2,729mm"
미니 해치백 SE,소형 해치백,2024,"5,210만원",전기,159km 1회 충전 시,"복합 4.5km/kWh 도심 4.8, 고속 4.2",137kW 모터 184hp (단순환산치),270Nm 모터 27.5kg.m (단순환산치),32.6kWh 배터리,FF,자동1단,"3,850mm","1,430mm","1,725mm","2,495mm"
포르쉐 박스터 GTS,스포츠카 컨버터블,2021,"12,140~13,180만원",가솔린,"복합 8.4km/ℓ 도심 , 고속",407hp 엔진,43.9kg.m 엔진,"3,995cc",F6 자연흡기,MR,DCT7단,"4,390mm","1,275mm","1,800mm","2,475mm"
애스턴마틴 밴티지,스포츠카 쿠페,2019,"19,800만원",가솔린,"복합 7km/ℓ 도심 , 고속",503hp 엔진,69.8kg.m 엔진,"3,980cc",V8 트윈터보,FR,자동8단,"4,465mm","1,273mm","2,153mm","2,704mm"
폭스바겐 티구안,준중형 SUV,2021,"4,313~4,902만원",디젤,"복합 13.4~15.6km/ℓ 도심 12.3~14.2, 고속 15~17.6",150hp 엔진,36.7kg.m 엔진,"1,968cc",I4 싱글터보,"FF, AWD",DCT7단,"4,510mm","1,635~1,645mm","1,840mm","2,680mm"
메르세데스-벤츠 AMG G클래스,중형 SUV,2022,"23,800~29,410만원",가솔린,"복합 5.8km/ℓ 도심 5.4, 고속 6.5",585hp 엔진,86.6kg.m 엔진,"3,982cc",V8 트윈터보,AWD,자동9단,"4,880mm","1,970mm","1,985mm","2,890mm"
KG 모빌리티 코란도,준중형 SUV,2023,"2,445~3,010만원",가솔린,"복합 10.5~11.5km/ℓ 도심 9.6~10.5, 고속 11.8~13",170hp 엔진,28.6kg.m 엔진,"1,497cc",I4 싱글터보,"FF, AWD",자동6단,"4,450mm","1,630mm","1,870mm","2,675mm"
BMW X4,중형 SUV,2023,"6,780~9,920만원","가솔린, 디젤","복합 8.5~12.3km/ℓ 도심 7.6~11.2, 고속 10.1~14.1",184~387hp 엔진,29.5~51kg.m 엔진,"1,995~2,998cc","I4, I6 싱글터보",AWD,자동8단,"4,750mm","1,620mm","1,920~1,940mm","2,865mm"
캐딜락 XT4,준중형 SUV,2023,"5,851만원",가솔린,"복합 10km/ℓ 도심 8.8, 고속 11.8",238hp 엔진,35.7kg.m 엔진,"1,998cc",I4 싱글터보,AWD,자동9단,"4,595mm","1,610mm","1,880mm","2,779mm"
제네시스 G70 슈팅브레이크,중형 왜건,2023,"4,545~4,792만원",가솔린,"복합 10.1~10.9km/ℓ 도심 9.1~9.7, 고속 11.7~12.7",304hp 엔진,43kg.m 엔진,"2,497cc",I4 싱글터보,"FR, AWD",자동8단,"4,685mm","1,400mm","1,850mm","2,835mm"
메르세데스-벤츠 마이바흐 GLS클래스,대형 SUV,2023,"26,200~29,990만원",가솔린,"복합 6.6km/ℓ 도심 6, 고속 7.7",557hp 엔진,74.4kg.m 엔진,"3,982cc",V8 트윈터보,AWD,자동9단,"5,215mm","1,840mm","2,030mm","3,135mm"
렉서스 RX 하이브리드,준대형 SUV,2023,"9,870만원","가솔린, 하이브리드","복합 13.6km/ℓ 도심 14.3, 고속 12.7",249hp/187hp 합산/엔진,24.6kg.m 엔진,"2,487cc",I4 자연흡기,AWD,CVT,"4,890mm","1,695mm","1,920mm","2,850mm"
토요타 캠리 하이브리드,중형 세단,2023,"3,900~4,520만원","가솔린, 하이브리드","복합 17.1~18.5km/ℓ 도심 17.3~18.8, 고속 16.8~18.2",211hp/178hp 합산/엔진,22.5kg.m 엔진,"2,487cc",I4 자연흡기,FF,CVT,"4,880~4,895mm","1,445mm","1,840mm","2,825mm"
렉서스 UX 하이브리드,준중형 SUV,2023,"5,090~5,860만원","가솔린, 하이브리드","복합 15~16.7km/ℓ 도심 15.6~17.2, 고속 14.4~16.2",183hp/146hp 합산/엔진,19.2kg.m 엔진,"1,987cc",I4 자연흡기,"FF, AWD",CVT,"4,495mm","1,520mm","1,840mm","2,640mm"
기아 EV6,준중형 SUV,2023,"4,870~6,242만원",전기,351~475km 1회 충전 시,"복합 4.6~5.6km/kWh 도심 5.1~6.4, 고속 4~4.9",125~239kW 모터 168~320hp (단순환산치),350~605Nm 모터 35.7~61.7kg.m (단순환산치),58~77.4kWh 배터리,"AWD, RR",자동1단,"4,680~4,695mm","1,550mm","1,880~1,890mm","2,900mm"
DS 3 크로스백,소형 SUV,2022,"4,330만원",디젤,"복합 15.6km/ℓ 도심 14.5, 고속 17",131hp 엔진,30.6kg.m 엔진,"1,499cc",I4 싱글터보,FF,자동8단,"4,120mm","1,550mm","1,770mm","2,560mm"
레디컬 SR1,스포츠카 컨버터블,2022,"9,990만원",가솔린,"복합 도심 , 고속",182hp 엔진,"1,340cc",l4 자연흡기,MR,S/T6단,"3,860mm","1,020mm","1,560mm",,
BMW 8시리즈 그란쿠페,대형 쿠페,2023,"13,910~14,810만원",가솔린,"복합 7.7km/ℓ 도심 6.6, 고속 9.6",530hp 엔진,76.5kg.m 엔진,"4,395cc",V8 트윈터보,AWD,자동8단,"5,075mm","1,410mm","1,930mm","3,023mm"
대창모터스 다니고 L,준중형 트럭,2023,"4,280만원",전기,200km 1회 충전 시,"복합 도심 , 고속",60kW 모터 80hp (단순환산치),57.7kWh 배터리,RR,자동1단,"4,900mm","1,920mm","1,635mm","3,050mm",
포드 레인저,준대형 트럭,2023,"6,350만원",디젤,"복합 10.1km/ℓ 도심 9.1, 고속 11.7",205hp 엔진,51kg.m 엔진,"1,996cc",I4 트윈터보,4WD,자동10단,"5,370mm","1,920mm","1,885mm","3,270mm"
아우디 e-트론 스포트백,준대형 SUV,2023,"12,250만원",전기,304km 1회 충전 시,"복합 3.1km/kWh 도심 3.1, 고속 3.2",300kW 모터 402hp (단순환산치),664Nm 모터 67.7kg.m (단순환산치),95kWh 배터리,AWD,자동1단,"4,900mm","1,675mm","1,935mm","2,928mm"
폭스바겐 골프,준중형 해치백,2022,"3,625~3,782만원",디젤,"복합 17.8km/ℓ 도심 15.7, 고속 21.3",150hp 엔진,36.7kg.m 엔진,"1,968cc",I4 싱글터보,FF,DCT7단,"4,285mm","1,455mm","1,790mm","2,636mm"
기아 모닝,경형 해치백,2024,"1,290~1,655만원",가솔린,"복합 15.1km/ℓ 도심 13.8, 고속 16.9",76hp 엔진,9.7kg.m 엔진,998cc,I3 자연흡기,FF,자동4단,"3,595mm","1,485mm","1,595mm","2,400mm"
토요타 시에나 하이브리드,대형 RV,2023,"7,050~7,060만원","가솔린, 하이브리드","복합 13.7~14.5km/ℓ 도심 14.1~15, 고속 13.3~14",246hp/189hp 합산/엔진,24.1kg.m 엔진,"2,487cc",I4 자연흡기,"AWD, FF",CVT,"5,175mm","1,775mm","1,995mm","3,060mm"
시트로엥 C5 에어크로스,준중형 SUV,2021,"3,978~4,976만원",디젤,"복합 12.7~14.2km/ℓ 도심 11.8~13.6, 고속 14~15.1",131~177hp 엔진,30.6~40.8kg.m 엔진,"1,499~1,997cc",I4 싱글터보,FF,자동8단,"4,500mm","1,690mm","1,840mm","2,730mm"
현대 코나 일렉트릭,소형 SUV,2023,"4,452~5,092만원",전기,311~417km 1회 충전 시,"복합 4.8~5.5km/kWh 도심 5.2~6.1, 고속 4.4~5",99~150kW 모터 133~201hp (단순환산치),255Nm 모터 26.0kg.m (단순환산치),48.6~64.8kWh 배터리,FF,자동1단,"4,355mm","1,575~1,580mm","1,825mm","2,660mm"
제네시스 일렉트리파이드 G80,준대형 세단,2023,"8,392만원",전기,427km 1회 충전 시,"복합 4.3km/kWh 도심 4.5, 고속 4.1",272kW 모터 364hp (단순환산치),700Nm 모터 71.4kg.m (단순환산치),87.2kWh 배터리,AWD,자동1단,"5,005mm","1,475mm","1,925mm","3,010mm"
아우디 e-트론,준대형 SUV,2023,"11,650만원",전기,291km 1회 충전 시,"복합 3km/kWh 도심 3, 고속 3",300kW 모터 402hp (단순환산치),664Nm 모터 67.7kg.m (단순환산치),95kWh 배터리,AWD,자동1단,"4,900mm","1,685mm","1,935mm","2,928mm"
현대 아이오닉 5,준중형 SUV,2023,"5,005~6,132만원",전기,319~458km 1회 충전 시,"복합 4.7~5.2km/kWh 도심 5.3~5.9, 고속 4.2~4.5",125~239kW 모터 168~320hp (단순환산치),350~605Nm 모터 35.7~61.7kg.m (단순환산치),58~77.4kWh 배터리,"RR, AWD",자동1단,"4,635mm","1,605mm","1,890mm","3,000mm"
롤스로이스 컬리넌 블랙배지,대형 SUV,2020,"53,900만원",가솔린,"복합 5.4km/ℓ 도심 4.5, 고속 6.9",600hp 엔진,91.8kg.m 엔진,"6,749cc",V12 트윈터보,AWD,자동8단,"5,341mm","1,835mm","2,164mm","3,295mm"
현대 코나 하이브리드,소형 SUV,2023,"2,999~3,495만원","가솔린, 하이브리드","복합 18.1~19.8km/ℓ 도심 18.6~20.8, 고속 17.5~18.6",141hp/105hp 합산/엔진,14.7kg.m 엔진,"1,580cc",I4 싱글터보,FF,DCT6단,"4,350mm","1,580~1,585mm","1,825mm","2,660mm"
제네시스 GV70,중형 SUV,2022,"4,940~5,889만원","가솔린, 디젤","복합 8.5~13.5km/ℓ 도심 7.4~12.2, 고속 10.2~15.5",202~380hp 엔진,43~54kg.m 엔진,"2,151~3,470cc","I4, V6 트윈터보","FR, AWD",자동8단,"4,715mm","1,630mm","1,910mm","2,875mm"
디피코 포트로 EV 탑,경형 밴,2022,"2,112~2,233만원",전기,113km 1회 충전 시,"복합 4.2km/kWh 도심 5.1, 고속 3.4",15kW 모터 20hp (단순환산치),15.1kWh 배터리,RR,자동1단,"3,405mm","1,905mm","1,435mm","2,400mm",
BMW i4 그란쿠페,중형 쿠페,2024,"8,110만원",전기,429km 1회 충전 시,"복합 4.6km/kWh 도심 4.6, 고속 4.5",250kW 모터 335hp (단순환산치),430Nm 모터 43.9kg.m (단순환산치),84kWh 배터리,RR,자동1단,"4,785mm","1,450mm","1,850mm","2,855mm"
아우디 RS6 아반트,준대형 왜건,2023,"16,552만원",가솔린,"복합 7km/ℓ 도심 6.1, 고속 8.6",600hp 엔진,81.5kg.m 엔진,"3,996cc",V8 트윈터보,AWD,자동8단,"4,995mm","1,500mm","1,950mm","2,929mm"
BMW M4,중형 쿠페,2024,"13,490만원",가솔린,"복합 8.3km/ℓ 도심 7.3, 고속 10.2",510hp 엔진,66.3kg.m 엔진,"2,993cc",I6 트윈터보,AWD,자동8단,"4,795mm","1,400mm","1,885mm","2,855mm"
페라리 로마,스포츠카 쿠페,2020,"32,000만원",가솔린,"복합 7.4km/ℓ 도심 6.5, 고속 9.1",620hp 엔진,77.5kg.m 엔진,"3,855cc",V8 트윈터보,FR,DCT8단,"4,715mm","1,300mm","1,975mm","2,670mm"
애스턴마틴 DB11 볼란테,스포츠카 컨버터블,2022,"28,500만원",가솔린,"복합 도심 , 고속",535hp 엔진,68.9kg.m 엔진,"3,982cc",V8 트윈터보,FR,자동8단,"4,750mm","1,300mm","1,950mm","2,805mm"
렉서스 UX 일렉트릭,준중형 SUV,2022,"5,490만원",전기,233km 1회 충전 시,"복합 4.7km/kWh 도심 5, 고속 4.3",150kW 모터 201hp (단순환산치),300Nm 모터 30.6kg.m (단순환산치),54.3kWh 배터리,FF,자동1단,"4,495mm","1,525mm","1,840mm","2,640mm"
렉서스 UX F 스포츠 하이브리드,준중형 SUV,2023,"5,640만원","가솔린, 하이브리드","복합 16.7km/ℓ 도심 17.2, 고속 16.2",183hp/146hp 합산/엔진,19.2kg.m 엔진,"1,987cc",I4 자연흡기,FF,CVT,"4,495mm","1,520mm","1,840mm","2,640mm"
테슬라 모델S,준대형 세단,2023,"12,806~14,106만원",전기,474~555km 1회 충전 시,"복합 4.1~4.5km/kWh 도심 , 고속","500~760kW 모터 670~1,018hp (단순환산치)",100kWh 배터리,AWD,자동1단,"5,021mm","1,431mm","1,987mm","2,960mm",
마세라티 MC20 첼로,스포츠카 컨버터블,2023,"38,300~53,360만원",가솔린,"복합 7.1km/ℓ 도심 6, 고속 9.1",630hp 엔진,73.4kg.m 엔진,"2,992cc",V6 트윈터보,MR,DCT8단,"4,670mm","1,215mm","1,965mm","2,700mm"
BMW X4 M,중형 SUV,2023,"12,610만원",가솔린,"복합 7.8km/ℓ 도심 6.8, 고속 9.3",510hp 엔진,66.3kg.m 엔진,"2,993cc",I6 트윈터보,AWD,토크컨버터8단,"4,755mm","1,620mm","1,925mm","2,865mm"
BMW 3시리즈 투어링,중형 왜건,2023,"5,740~9,050만원","가솔린, 디젤","복합 9.6~14.2km/ℓ 도심 8.3~12.8, 고속 11.9~16.4",184~387hp 엔진,30.6~51kg.m 엔진,"1,995~2,998cc","I4, I6 싱글터보","FR, AWD",자동8단,"4,713~4,714mm","1,440mm","1,827mm","2,851mm"
BMW M8 그란쿠페,대형 쿠페,2023,"24,040만원",가솔린,"복합 7.3km/ℓ 도심 6.4, 고속 8.9",625hp 엔진,76.5kg.m 엔진,"4,395cc",V8 트윈터보,AWD,자동8단,"5,095mm","1,440mm","1,935mm","3,023mm"
르노코리아 XM3,소형 SUV,2023,"2,023~2,834만원",가솔린,"복합 13.2~13.8km/ℓ 도심 11.8~12.3, 고속 15.3~16.3",123~152hp 엔진,15.8~26kg.m 엔진,"1,332~1,598cc",I4 싱글터보,FF,"CVT, DCT7단","4,570mm","1,570mm","1,820mm","2,720mm"
볼보 V60 크로스 컨트리,중형 왜건,2023,"5,530~6,160만원",가솔린,"복합 9.9km/ℓ 도심 8.7, 고속 12.1",250hp 엔진,35.7kg.m 엔진,"1,969cc",I4 싱글터보,AWD,자동8단,"4,785mm","1,490mm","1,850mm","2,875mm"
폭스바겐 아테온,중형 세단,2022,"5,490~5,981만원",디젤,"복합 13.8~15.5km/ℓ 도심 12.4~13.7, 고속 16.2~18.5",200hp 엔진,40.8kg.m 엔진,"1,968cc",I4 싱글터보,"FF, AWD",DCT7단,"4,865mm","1,440mm","1,870mm","2,840mm"
람보르기니 우라칸 에보 스파이더,스포츠카 컨버터블,2020,"32,890~38,940만원",가솔린,"복합 5.8~6.2km/ℓ 도심 5.1~5.5, 고속 7~7.3",610~640hp 엔진,57.1~61.2kg.m 엔진,"5,204cc",V10 자연흡기,"MR, AWD",DCT7단,"4,520mm","1,180mm","1,933mm","2,620mm"
포드 익스페디션,대형 SUV,2023,"11,270만원",가솔린,"복합 7.4km/ℓ 도심 6.6, 고속 8.8",405hp 엔진,66kg.m 엔진,"3,496cc",V6 트윈터보,4WD,자동10단,"5,335mm","1,945mm","2,075mm","3,110mm"
BMW X2,준중형 SUV,2023,"5,520~6,970만원",가솔린,"복합 9.8km/ℓ 도심 8.6~8.8, 고속 11.5~11.8",192~306hp 엔진,28.5~45.9kg.m 엔진,"1,998cc",I4 싱글터보,AWD,토크컨버터8단,"4,360mm","1,525~1,526mm","1,824~1,825mm","2,670mm"
KG 모빌리티 티볼리 에어,소형 SUV,2024,"2,312~2,719만원",가솔린,"복합 11.9~12km/ℓ 도심 10.9, 고속 13.2~13.5",163hp 엔진,26.5kg.m 엔진,"1,497cc",I4 싱글터보,FF,자동6단,"4,480mm","1,645~1,660mm","1,810mm","2,600mm"
마세라티 MC20,스포츠카 쿠페,2023,"33,700만원",가솔린,"복합 7km/ℓ 도심 5.9, 고속 9.1",630hp 엔진,73.4kg.m 엔진,"2,992cc",V6 트윈터보,MR,DCT8단,"4,670mm","1,225mm","1,965mm","2,700mm"
포르쉐 911 터보 카브리올레,스포츠카 컨버터블,2021,"29,390만원",가솔린,"복합 6.8km/ℓ 도심 , 고속",662hp 엔진,81.6kg.m 엔진,"3,745cc",F6 트윈터보,AWD,자동8단,"4,535mm","1,300mm","1,900mm","2,450mm"
포르쉐 911 카레라 카브리올레,스포츠카 컨버터블,2020,"16,350~18,960만원",가솔린,"복합 7.9~8.2km/ℓ 도심 , 고속",392~444hp 엔진,45.9~54.1kg.m 엔진,"2,981cc",F6 트윈터보,"RR, AWD",DCT8단,"4,520mm","1,300mm","1,850mm","2,450mm"
BMW M4 컨버터블,중형 컨버터블,2024,"13,930만원",가솔린,"복합 8.3km/ℓ 도심 7.2, 고속 10.2",510hp 엔진,66.3kg.m 엔진,"2,993cc",I6 트윈터보,AWD,자동8단,"4,795mm","1,400mm","1,885mm","2,855mm"
토요타 캠리,중형 세단,2023,"3,768만원",가솔린,"복합 12.3km/ℓ 도심 10.7, 고속 14.9",207hp 엔진,24.8kg.m 엔진,"2,487cc",I4 자연흡기,FF,자동8단,"4,880mm","1,445mm","1,840mm","2,825mm"
아우디 A8,대형 세단,2023,"14,252만원",디젤,"복합 11.4km/ℓ 도심 10, 고속 13.7",286hp 엔진,61.1kg.m 엔진,"2,967cc",V6 싱글터보,AWD,자동8단,"5,190mm","1,510mm","1,945mm","2,998mm"
아우디 RS7,준대형 쿠페,2023,"17,142만원",가솔린,"복합 7.4km/ℓ 도심 6.2, 고속 9.5",600hp 엔진,81.5kg.m 엔진,"3,996cc",V8 트윈터보,AWD,자동8단,"5,010mm","1,435mm","1,950mm","2,929mm"
마이브 M1,경형 해치백,2023,"1,892만원",전기,57km 1회 충전 시,"복합 5.5km/kWh 도심 6, 고속 5",13kW 모터 17hp (단순환산치),90Nm 모터 9.2kg.m (단순환산치),10kWh 배터리,RR,자동1단,"2,845mm","1,565mm","1,500mm","1,815mm"
마세라티 기블리,준대형 세단,2022,"11,560~18,450만원",가솔린,"복합 6.5~8.9km/ℓ 도심 5.6~8, 고속 8.2~10.3",330~580hp 엔진,45.9~74.5kg.m 엔진,"1,995~3,799cc","I4, V6, V8 트윈터보","FR, AWD",자동8단,"4,970~4,975mm","1,480~1,485mm","1,945mm","3,000mm"
폴스타 2,중형 세단,2022,"5,490~5,990만원",전기,334~417km 1회 충전 시,"복합 3.8~4.8km/kWh 도심 4~5.1, 고속 3.6~4.5",170~300kW 모터 228~402hp (단순환산치),330~660Nm 모터 33.7~67.3kg.m (단순환산치),78kWh 배터리,"FF, AWD",자동1단,"4,605mm","1,480mm","1,860mm","2,735mm"
메르세데스-벤츠 AMG GLE 쿠페,준대형 SUV,2023,"15,540~19,690만원",가솔린,"복합 6.7~8.3km/ℓ 도심 6.1~7.7, 고속 7.6~9",435~612hp 엔진,53~86.6kg.m 엔진,"2,999~3,982cc","I6, V8 트윈터보",AWD,자동9단,"4,960mm","1,715mm","2,020mm","2,995mm"
아우디 A3 세단,준중형 세단,2023,"4,118~4,510만원",가솔린,"복합 13km/ℓ 도심 11.4, 고속 15.5",204hp 엔진,30.5kg.m 엔진,"1,984cc",I4 싱글터보,FF,자동7단,"4,495~4,505mm","1,425mm","1,815mm","2,634mm"
람보르기니 우루스,대형 SUV,2021,"25,990만원",가솔린,"복합 6.3km/ℓ 도심 5.4, 고속 7.8",650hp 엔진,86.7kg.m 엔진,"3,996cc",V8 트윈터보,AWD,자동8단,"5,112mm","1,638mm","2,016mm","3,003mm"
볼보 XC90 플러그인 하이브리드,준대형 SUV,2023,"11,470만원","전기, 가솔린, 하이브리드","복합 11km/ℓ 도심 10.4, 고속 11.7",462hp/317hp 합산/엔진,72.3kg.m/40.8kg.m 합산/엔진,"1,969cc",l4 싱글터보,AWD,자동8단,"4,955mm","1,765mm","1,960mm","2,984mm"
푸조 2008,소형 SUV,2024,디젤,"복합 도심 , 고속",130hp 엔진,30.6kg.m 엔진,"1,499cc",I4 싱글터보,FF,자동8단,"4,300mm","1,550mm","1,770mm","2,605mm",
BMW 3시리즈 플러그인 하이브리드,중형 세단,2023,"6,850~7,300만원","전기, 가솔린, 하이브리드","복합 11km/ℓ 도심 10.1, 고속 12.3",292hp/184hp/80kW 합산/엔진/모터,42.8kg.m/35.7kg.m/265Nm 합산/엔진/모터,"1,998cc",I4 싱글터보,FR,자동8단,"4,713mm","1,444mm","1,827mm","2,851mm"
현대 투싼,준중형 SUV,2023,"2,603~3,822만원","가솔린, 디젤","복합 11~14.5km/ℓ 도심 10.2~13, 고속 12~16.8",180~184hp 엔진,27~42.5kg.m 엔진,"1,598~1,998cc",I4 싱글터보,"FF, AWD","자동8단, DCT7단","4,630~4,640mm","1,665mm","1,865mm","2,755mm"
BMW i7,대형 세단,2023,"21,570~21,870만원",전기,438km 1회 충전 시,"복합 3.7km/kWh 도심 3.6, 고속 3.8",400kW 모터 536hp (단순환산치),745Nm 모터 76.0kg.m (단순환산치),105.7kWh 배터리,AWD,자동1단,"5,390mm","1,545mm","1,950mm","3,215mm"
렉서스 NX F 스포츠 플러그인 하이브리드,중형 SUV,2022,"8,200만원","전기, 가솔린, 하이브리드","복합 14.4km/ℓ 도심 15, 고속 13.7",307hp/182hp 합산/엔진,23.1kg.m 엔진,"2,487cc",I4 자연흡기,AWD,CVT,"4,660mm","1,670mm","1,865mm","2,690mm"
메르세데스-벤츠 S클래스,대형 세단,2023,"14,780~24,310만원","가솔린, 디젤","복합 7.8~12km/ℓ 도심 6.6~10.4, 고속 10~14.7",286~503hp 엔진,51~71.4kg.m 엔진,"2,925~3,982cc","I6, V8 트윈터보","FR, AWD",자동9단,"5,180~5,320mm","1,505mm","1,920~1,955mm","3,106~3,216mm"
애스턴마틴 발할라,스포츠카 쿠페,2020,"가솔린, 하이브리드","복합 도심 , 고속",937hp/740hp 합산/엔진,102kg.m 합산,"3,997cc",V8 트윈터보,MR,DCT8단,,,,,
기아 EV9,준대형 SUV,2024,"7,337~8,826만원",전기,443~501km 1회 충전 시,"복합 3.8~4.2km/kWh 도심 4.1~4.7, 고속 3.3~3.6",150~283kW 모터 201~379hp (단순환산치),350~700Nm 모터 35.7~71.4kg.m (단순환산치),99.8kWh 배터리,"AWD, RR",자동1단,"5,010~5,015mm","1,755~1,780mm","1,980mm","3,100mm"
렉서스 RX 플러그인 하이브리드,준대형 SUV,2023,"10,993만원","전기, 가솔린, 하이브리드","복합 14km/ℓ 도심 14.5, 고속 13.4",309hp/182hp 합산/엔진,23.1kg.m 엔진,"2,487cc",I4 자연흡기,AWD,CVT,"4,890mm","1,695mm","1,920mm","2,850mm"
롤스로이스 팬텀 EWB,대형 세단,2023,"82,600만원",가솔린,"복합 5.8km/ℓ 도심 4.8, 고속 7.8",563hp 엔진,91.8kg.m 엔진,"6,749cc",V12 트윈터보,FR,자동8단,"5,990mm","1,656mm","2,018mm","3,772mm"
아우디 S6,준대형 세단,2023,"10,997만원",디젤,"복합 11.5km/ℓ 도심 10.2, 고속 13.6",344hp 엔진,71.3kg.m 엔진,"2,967cc",V6 트윈터보,AWD,자동8단,"4,955mm","1,450mm","1,885mm","2,928mm"
랜드로버 레인지로버 LWB,대형 SUV,2023,"21,007~29,247만원","가솔린, 디젤","복합 6.8~10.1km/ℓ 도심 5.6~8.8, 고속 9~12.3",350~530hp 엔진,71.4~76.5kg.m 엔진,"2,997~4,395cc","I6, V8 트윈터보",AWD,자동8단,"5,252mm","1,870mm","2,003mm","3,197mm"
SS모터스 젤라 EV,중형 트럭,2022,"4,180만원",전기,194km 1회 충전 시,"복합 2.6km/kWh 도심 2.9, 고속 2.3",100kW 모터 134hp (단순환산치),230Nm 모터 23.5kg.m (단순환산치),66.8kWh 배터리,RR,자동1단,"5,450mm","2,050mm","1,770mm","2,800mm"
혼다 오딧세이,대형 RV,2023,"6,050만원",가솔린,"복합 9km/ℓ 도심 7.7, 고속 11.2",284hp 엔진,36.2kg.m 엔진,"3,471cc",V6 자연흡기,FF,자동10단,"5,235mm","1,765mm","1,995mm","3,000mm"
토요타 GR 수프라,스포츠카 쿠페,2023,"7,980만원",가솔린,"복합 10.2km/ℓ 도심 9.1, 고속 12",382hp 엔진,51kg.m 엔진,"2,998cc",I6 싱글터보,FR,자동8단,"4,380mm","1,305mm","1,855mm","2,470mm"
지프 랭글러 4XE,중형 SUV,2023,"9,780~11,300만원","전기, 가솔린, 하이브리드","복합 12.7km/ℓ 도심 12.7, 고속 12.7",375hp/272hp/100kW 합산/엔진/모터,65kg.m/40.8kg.m/53Nm 합산/엔진/모터,"1,995cc",I4 싱글터보,AWD,자동8단,"4,880mm","1,850mm","1,895~1,935mm","3,010mm"
현대 베뉴,소형 SUV,2023,"2,146~2,413만원",가솔린,"복합 13.3~13.7km/ℓ 도심 12.4~12.7, 고속 14.7~15.2",123hp 엔진,15.7kg.m 엔진,"1,598cc",I4 자연흡기,FF,CVT,"4,040mm","1,565~1,585mm","1,770mm","2,520mm"
페라리 296 GTB,스포츠카 쿠페,2022,"39,800만원","전기, 가솔린, 하이브리드","복합 15.6km/ℓ 도심 , 고속",830hp/663hp/122kW 합산/엔진/모터,75.4kg.m 엔진,"2,992cc",V6 자연흡기,MR,DCT8단,"4,565mm","1,187mm","1,958mm","2,600mm"
현대 스타리아,대형 RV,2023,"2,596~4,409만원","LPG, 디젤","복합 6.5~12.3km/ℓ 도심 5.8~11.6, 고속 7.7~13.2",177~240hp 엔진,32~44kg.m 엔진,"2,199~3,470cc","V6, I4 자연흡기","FF, AWD","자동8단, 수동6단","5,255mm","1,990~2,000mm","1,995mm","3,275mm"
볼보 XC60 플러그인 하이브리드,중형 SUV,2023,"8,590만원","전기, 가솔린, 하이브리드","복합 11.4km/ℓ 도심 11.2, 고속 11.8",462hp/312hp 합산/엔진,72.3kg.m/40.8kg.m 합산/엔진,"1,969cc",I4 싱글터보,AWD,자동8단,"4,710mm","1,645mm","1,900mm","2,865mm"
기아 스포티지,준중형 SUV,2023,"2,492~3,838만원","LPG, 가솔린, 디젤","복합 9~14.5km/ℓ 도심 8.1~12.9, 고속 10.2~17",146~184hp 엔진,19.5~42.5kg.m 엔진,"1,598~1,999cc",I4 싱글터보,"FF, AWD","자동, DCT7단","4,660mm","1,660~1,680mm","1,865mm","2,755mm"
기아 봉고3,중형 트럭,2022,"1,815~2,364만원",디젤,"복합 8.6~9.5km/ℓ 도심 9.3, 고속 9.8",133~135hp 엔진,26.5~30kg.m 엔진,"2,497cc",l4 싱글터보,"FR, AWD","자동5단, 수동6단","4,790~5,455mm","1,995~2,105mm","1,740~1,750mm","2,415~2,810mm"
기아 니로 하이브리드,소형 SUV,2024,"2,713~3,376만원","가솔린, 하이브리드","복합 19.1~20.8km/ℓ 도심 20~21.9, 고속 18.1~19.6",104hp 엔진,14.7kg.m 엔진,"1,580cc",I4 자연흡기,FF,DCT6단,"4,420mm","1,545mm","1,825mm","2,720mm"
볼보 S90,준대형 세단,2023,"6,350~7,350만원",가솔린,"복합 9.9~11.1km/ℓ 도심 8.5~9.6, 고속 12.2~13.7",250~300hp 엔진,35.7~42.8kg.m 엔진,"1,969cc",I4 싱글터보,"FF, AWD",자동8단,"5,090mm","1,450mm","1,880mm","3,060mm"
쉐보레 볼트 EUV,소형 SUV,2023,"4,790~4,985만원",전기,403km 1회 충전 시,"복합 5.5km/kWh 도심 6.1, 고속 5",150kW 모터 201hp (단순환산치),360Nm 모터 36.7kg.m (단순환산치),66kWh 배터리,FF,자동1단,"4,305mm","1,615mm","1,770mm","2,675mm"
메르세데스-벤츠 GLC클래스,중형 SUV,2023,"7,680~8,710만원","가솔린, 디젤","복합 10.8~14.1km/ℓ 도심 9.7~13.3, 고속 12.4~15.4",197~258hp 엔진,40.8~44.9kg.m 엔진,"1,993~1,999cc",I4 싱글터보,AWD,자동9단,"4,720mm","1,645mm","1,890mm","2,890mm"
현대 그랜저,준대형 세단,2023,"3,743~5,103만원","LPG, 가솔린","복합 7.8~11.7km/ℓ 도심 6.7~10, 고속 9.6~14.5",198~300hp 엔진,25.3~36.6kg.m 엔진,"2,497~3,470cc","V6, I4 자연흡기","FF, AWD",자동8단,"5,035mm","1,460mm","1,880mm","2,895mm"
렉서스 NX 하이브리드,중형 SUV,2022,"6,670~7,630만원","가솔린, 하이브리드","복합 14km/ℓ 도심 14.3, 고속 13.6",242hp/189hp 합산/엔진,24.7kg.m 엔진,"2,487cc",I4 자연흡기,AWD,CVT,"4,660mm","1,670mm","1,865mm","2,690mm"
아우디 R8,스포츠카 쿠페,2022,"25,569만원",가솔린,"복합 6km/ℓ 도심 5.1, 고속 7.5",610hp 엔진,57.1kg.m 엔진,"5,204cc",V10 자연흡기,AWD,DCT7단,"4,430mm","1,245mm","1,940mm","2,650mm"
기아 K9,대형 세단,2023,"5,815~7,744만원",가솔린,"복합 8.1~9km/ℓ 도심 7~7.8, 고속 10.1~11",315~370hp 엔진,40.5~52kg.m 엔진,"3,342~3,778cc",V6 자연흡기,"FR, AWD",자동8단,"5,140mm","1,490mm","1,915mm","3,105mm"
메르세데스-벤츠 EQS,대형 세단,2023,"16,390~19,000만원",전기,454~478km 1회 충전 시,"복합 3.5~3.8km/kWh 도심 3.5~3.8, 고속 3.6~3.7",245~265kW 모터 328~355hp (단순환산치),568~800Nm 모터 57.9~81.6kg.m (단순환산치),107.8kWh 배터리,"RR, AWD",자동1단,"5,225mm","1,510~1,520mm","1,925mm","3,210mm"
현대 쏘나타 하이브리드,중형 세단,2024,"3,187~3,921만원","가솔린, 하이브리드","복합 17.1~19.4km/ℓ 도심 16.8~19.8, 고속 17.4~18.9",195hp/152hp 합산/엔진,19.2kg.m 엔진,"1,999cc",I4 자연흡기,FF,자동6단,"4,910mm","1,445mm","1,860mm","2,840mm"
캐딜락 CT5,준대형 세단,2021,"5,428~5,921만원",가솔린,"복합 10.2km/ℓ 도심 8.7, 고속 12.7",240hp 엔진,35.7kg.m 엔진,"1,998cc",I4 싱글터보,FR,자동10단,"4,925mm","1,455mm","1,885mm","2,947mm"
KG 모빌리티 토레스,중형 SUV,2023,"2,852~3,753만원","LPG, 가솔린","복합 8.9~11.2km/ℓ 도심 10.2, 고속 12.5",165~170hp 엔진,27.3~28.6kg.m 엔진,"1,497cc",I4 싱글터보,"FF, AWD",자동6단,"4,700mm","1,720mm","1,890mm","2,680mm"
미니 컨버터블,소형 컨버터블,2024,"4,640만원",가솔린,"복합 12.1km/ℓ 도심 11.1, 고속 13.6",136hp 엔진,22.4kg.m 엔진,"1,499cc",I3 싱글터보,FF,DCT7단,"3,865mm","1,415mm","1,725mm","2,495mm"
랜드로버 디스커버리 스포츠,중형 SUV,2023,"6,370~6,820만원",가솔린,"복합 8.2km/ℓ 도심 7.4, 고속 9.6",249hp 엔진,37.2kg.m 엔진,"1,997cc",I4 싱글터보,AWD,자동9단,"4,597mm","1,727mm","1,904mm","2,741mm"
포르쉐 파나메라 E-하이브리드,대형 세단,2022,"17,360~30,490만원","전기, 가솔린, 하이브리드","복합 7.5~8.6km/ℓ 도심 7.8, 고속 9.9",462~700hp/336~582hp 합산/엔진,71.4~88.8kg.m/45.9~78.6kg.m 합산/엔진,"2,894~3,996cc","V6, V8 트윈터보",AWD,DCT8단,"5,050mm","1,425~1,430mm","1,935mm","2,950mm"
메르세데스-벤츠 GLS클래스,대형 SUV,2023,"15,430~18,080만원","가솔린, 디젤","복합 7.3~9.8km/ℓ 도심 6.7~9, 고속 8.1~11",330~489hp 엔진,71.3~71.4kg.m 엔진,"2,925~3,982cc","I6, V8",AWD,자동9단,"5,215~5,220mm","1,825~1,840mm","2,030mm","3,135mm"
KG 모빌리티 코란도 이모션,준중형 SUV,2022,"3,880~4,390만원",전기,307km 1회 충전 시,"복합 4.9km/kWh 도심 5.4, 고속 4.4",140kW 모터 188hp (단순환산치),360Nm 모터 36.7kg.m (단순환산치),61.5kWh 배터리,FF,자동1단,"4,465mm","1,640mm","1,870mm","2,675mm"
BMW X1,준중형 SUV,2023,"5,770~6,340만원","가솔린, 디젤","복합 11.7~14.6km/ℓ 도심 10.5~13.4, 고속 13.8~16.5",150~204hp 엔진,30.6~36.7kg.m 엔진,"1,995~1,998cc",I4 싱글터보,FF,DCT7단,"4,500mm","1,640mm","1,835mm","2,690mm"
포르쉐 911 타르가,스포츠카 컨버터블,2021,"17,270~24,070만원",가솔린,"복합 8.1~8.2km/ℓ 도심 , 고속",392~458hp 엔진,45.9~54.1kg.m 엔진,"2,981cc",F6 트윈터보,AWD,DCT8단,"4,520mm","1,300mm","1,850mm","2,450mm"
혼다 CR-V,준중형 SUV,2023,"4,260만원",가솔린,"복합 12.1km/ℓ 도심 11.1, 고속 13.8",190hp 엔진,24.5kg.m 엔진,"1,498cc",I4 싱글터보,FF,CVT,"4,705mm","1,680mm","1,865mm","2,700mm"
BMW i4 M 그란쿠페,중형 쿠페,2024,"8,490~9,840만원",전기,378km 1회 충전 시,"복합 4.1km/kWh 도심 4.1, 고속 4.1",400kW 모터 536hp (단순환산치),795Nm 모터 81.1kg.m (단순환산치),84kWh 배터리,AWD,자동1단,"4,785mm","1,450mm","1,850mm","2,855mm"
메르세데스-벤츠 G클래스,중형 SUV,2022,"17,800만원",디젤,"복합 8.2km/ℓ 도심 8, 고속 8.4",330hp 엔진,71.4kg.m 엔진,"2,925cc",I6 트윈터보,AWD,자동9단,"4,875mm","1,965mm","1,985mm","2,890mm"
아우디 S5,중형 쿠페,2022,"8,705만원",가솔린,"복합 9.5km/ℓ 도심 8.2, 고속 11.5",354hp 엔진,50.9kg.m 엔진,"2,995cc",V6 싱글터보,AWD,자동8단,"4,705mm","1,370mm","1,845mm","2,766mm"
BMW X3 M,중형 SUV,2023,"12,180만원",가솔린,"복합 7.7km/ℓ 도심 6.9, 고속 8.9",510hp 엔진,66.3kg.m 엔진,"2,993cc",I6 트윈터보,AWD,토크컨버터8단,"4,715mm","1,670mm","1,895mm","2,865mm"
페라리 296 GTS,스포츠카 컨버터블,2022,"전기, 가솔린, 하이브리드","복합 도심 , 고속",830hp/663hp/122kW 합산/엔진/모터,75.5kg.m 엔진,"2,992cc",V6 자연흡기,MR,DCT8단,"4,565mm","1,191mm","1,958mm","2,600mm",
볼보 XC60,중형 SUV,2023,"6,290~7,300만원",가솔린,"복합 9.1~9.9km/ℓ 도심 8.1~8.9, 고속 10.7~11.3",250~300hp 엔진,35.7~42.8kg.m 엔진,"1,969cc",I4 싱글터보,AWD,자동8단,"4,710mm","1,645mm","1,900mm","2,865mm"
KG 모빌리티 티볼리,소형 SUV,2024,"1,898~2,807만원",가솔린,"복합 10.8~12km/ℓ 도심 9.8~10.8, 고속 12.3~13.8",126~163hp 엔진,15.8~26.5kg.m 엔진,"1,497~1,597cc",I4 싱글터보,"FF, AWD",자동6단,"4,225mm","1,615~1,620mm","1,810mm","2,600mm"
아우디 S4,중형 세단,2023,"8,183만원",가솔린,"복합 9.6km/ℓ 도심 8.4, 고속 11.6",354hp 엔진,50.9kg.m 엔진,"2,995cc",V6 싱글터보,AWD,자동8단,"4,770mm","1,410mm","1,845mm","2,826mm"
메르세데스-벤츠 CLA클래스,준중형 쿠페,2023,"6,100만원",가솔린,"복합 10.8km/ℓ 도심 9.5, 고속 12.8",224hp 엔진,35.7kg.m 엔진,"1,991cc",I4 싱글터보,AWD,DCT7단,"4,695mm","1,445mm","1,830mm","2,730mm"
포르쉐 카이엔 쿠페,준대형 SUV,2022,"12,020~23,410만원",가솔린,"복합 6.5~7.8km/ℓ 도심 7.1, 고속 8.9",342~641hp 엔진,45.9~86.7kg.m 엔진,"2,995~3,996cc","V6, V8 트윈터보",AWD,"자동8단, DCT8단","4,930~4,940mm","1,620~1,653mm","1,985~1,995mm","2,895mm"
링컨 노틸러스,중형 SUV,2022,"7,360만원",가솔린,"복합 8.7km/ℓ 도심 7.5, 고속 10.9",333hp 엔진,54.7kg.m 엔진,"2,694cc",V6 트윈터보,AWD,자동8단,"4,825mm","1,700mm","1,935mm","2,848mm"
로터스 엘리스 S,스포츠카 컨버터블,2018,"8,350만원",가솔린,"복합 7.5ℓ/100km 도심 10.3, 고속 5.9",217hp 엔진,25.7kg.m 엔진,"1,796cc",I4 슈퍼차저,MR,수동6단,"3,824mm","1,117mm","1,719mm","2,300mm"
랜드로버 디펜더 90,중형 SUV,2023,"9,850~10,150만원",디젤,"복합 10.2km/ℓ 도심 9.5, 고속 11.2",249hp 엔진,58.1kg.m 엔진,"2,996cc",I6 싱글터보,AWD,자동8단,"4,583mm","1,969~1,974mm","1,996mm","2,587mm"
현대 스타리아 캠퍼,대형 RV,2022,"5,126~7,265만원",디젤,"복합 도심 , 고속",177hp 엔진,44kg.m 엔진,"2,199cc",I4 싱글터보,"FF, AWD",자동8단,"5,255mm","2,095mm","1,995mm","3,275mm"
아우디 A5 스포트백,중형 쿠페,2023,"5,915~6,907만원","가솔린, 디젤","복합 11.2~15km/ℓ 도심 9.7~13.6, 고속 13.7~17.1",204~265hp 엔진,32.6~40.7kg.m 엔진,"1,968~1,984cc",I4 싱글터보,AWD,자동7단,"4,755~4,765mm","1,400mm","1,845mm","2,825mm"
동풍소콘 펜곤 ix5,중형 SUV,2020,"2,380만원",가솔린,"복합 9.8km/ℓ 도심 8.9, 고속 11.1",150hp 엔진,22.4kg.m 엔진,"1,498cc",I4 싱글터보,FF,CVT,"4,685mm","1,645mm","1,865mm","2,790mm"
미니 해치백 5도어,소형 해치백,2024,"4,150만원",가솔린,"복합 12.4km/ℓ 도심 11.2, 고속 14.3",136hp 엔진,22.4kg.m 엔진,"1,499cc",I3 싱글터보,FF,DCT7단,"4,025mm","1,425mm","1,725mm","2,565mm"
기아 카니발 하이리무진,대형 RV,2022,"6,096~8,729만원","가솔린, 디젤","복합 8.4~11.5km/ℓ 도심 7.4~10.2, 고속 10~13.5",202~294hp 엔진,36.2~45kg.m 엔진,"2,151~3,470cc","I4, V6 자연흡기",FF,자동8단,"5,200mm","2,045mm","1,995mm","3,090mm"
포르쉐 911 GT3,스포츠카 쿠페,2022,"22,000만원",가솔린,"복합 6.5km/ℓ 도심 5.9, 고속 7.3",503hp 엔진,48kg.m 엔진,"3,996cc",F6 자연흡기,RR,DCT7단,"4,575mm","1,290mm","1,850mm","2,450mm"
메르세데스-벤츠 GLE클래스 플러그인 하이브리드,준대형 SUV,2023,"12,300만원","전기, 가솔린, 하이브리드","복합 9km/ℓ 도심 8.8, 고속 9.1",211hp/100kW 엔진/모터,35.7kg.m 엔진,"1,991cc",I4 싱글터보,AWD,자동9단,"4,930mm","1,780mm","2,010mm","2,995mm"
르노코리아 QM6,중형 SUV,2024,"2,680~3,793만원","LPG, 가솔린","복합 8.6~12km/ℓ 도심 7.7~11.1, 고속 9.9~13.5",140~144hp 엔진,19.7~20.4kg.m 엔진,"1,997~1,998cc",I4 자연흡기,FF,CVT,"4,675mm","1,700~1,710mm","1,845mm","2,705mm"
포르쉐 카이맨,스포츠카 쿠페,2019,"8,640~9,830만원",가솔린,"복합 9~9.4km/ℓ 도심 8~8.4, 고속 10.7~11.1",300~350hp 엔진,38.8~42.8kg.m 엔진,"1,988~2,497cc",F4 싱글터보,MR,DCT7단,"4,379mm","1,295mm","1,801mm","2,475mm"
GMC 시에라,대형 트럭,2023,"9,330~9,500만원",가솔린,"복합 6.9km/ℓ 도심 6, 고속 8.4",426hp 엔진,63.6kg.m 엔진,"6,162cc",V8 자연흡기,4WD,자동10단,"5,890mm","1,950mm","2,065mm","3,745mm"
지프 레니게이드,소형 SUV,2022,"4,190~4,840만원",가솔린,"복합 9.3~10.4km/ℓ 도심 8.4~9.2, 고속 10.8~12.3",171hp 엔진,27.6kg.m 엔진,"1,332cc",I4 싱글터보,"FF, 4WD",자동9단,"4,255mm","1,700mm","1,805mm","2,570mm"
제네시스 G70,중형 세단,2023,"4,347~5,089만원",가솔린,"복합 8.8~11.2km/ℓ 도심 7.8~10, 고속 10.6~13.1",304~370hp 엔진,43~52kg.m 엔진,"2,497~3,342cc","I4, V6 트윈터보","FR, AWD",자동8단,"4,685mm","1,400mm","1,850mm","2,835mm"
BMW 6시리즈 그란투리스모,준대형 해치백,2023,"8,300~10,670만원","가솔린, 디젤","복합 9.3~13.5km/ℓ 도심 8.2~12.3, 고속 11~15.5",190~340hp 엔진,40.8~45.9kg.m 엔진,"1,995~2,998cc","I4, I6 싱글터보","FR, AWD",토크컨버터8단,"5,090mm","1,540mm","1,900mm","3,070mm"
기아 모하비,준대형 SUV,2024,"5,054~5,993만원",디젤,"복합 9.3km/ℓ 도심 8.2, 고속 10.9~11",257hp 엔진,57.1kg.m 엔진,"2,959cc",V6 싱글터보,AWD,자동8단,"4,930mm","1,790mm","1,920mm","2,895mm"
애스턴마틴 DBX707,대형 SUV,2022,"31,700만원",가솔린,"복합 7km/ℓ 도심 , 고속",697hp 엔진,91.8kg.m 엔진,"3,982cc",V8 트윈터보,AWD,자동9단,"5,040mm","1,680mm","1,995mm","3,060mm"
BMW X3 플러그인 하이브리드,중형 SUV,2023,"8,340만원","전기, 가솔린, 하이브리드","복합 9.6km/ℓ 도심 8.7, 고속 10.9",292hp/184hp/80kW 합산/엔진/모터,35.6kg.m/265Nm 엔진/모터,"1,998cc",I4 싱글터보,AWD,자동8단,"4,710mm","1,675mm","1,890mm","2,865mm"
시트로엥 C3 에어크로스,소형 SUV,2021,"2,951~3,278만원",디젤,"복합 14.1km/ℓ 도심 13.4, 고속 15.1",120hp 엔진,30.6kg.m 엔진,"1,499cc",l4 싱글터보,FF,자동6단,"4,160mm","1,650mm","1,765mm","2,605mm"
BMW Z4,스포츠카 컨버터블,2023,"7,250~9,640만원",가솔린,"복합 10.2~10.7km/ℓ 도심 9.2~9.8, 고속 11.9~12.1",197~387hp 엔진,32.6~50.9kg.m 엔진,"1,998~2,998cc","I4, I6 싱글터보",FR,자동8단,"4,325mm","1,300~1,310mm","1,865mm","2,470mm"
메르세데스-벤츠 GLE 쿠페 플러그인 하이브리드,준대형 SUV,2023,"12,580만원","전기, 가솔린, 하이브리드","복합 9km/ℓ 도심 8.8, 고속 9.1",211hp/100kW 엔진/모터,35.7kg.m 엔진,"1,991cc",I4 싱글터보,AWD,자동9단,"4,945mm","1,715mm","2,020mm","2,995mm"
DS 7 크로스백,중형 SUV,2022,"5,090~5,590만원",가솔린,"복합 11.8km/ℓ 도심 10.5, 고속 13.7",131hp 엔진,23.5kg.m 엔진,"1,199cc",l3 싱글터보,FF,자동8단,"4,590mm","1,635mm","1,895mm","2,730mm"
푸조 3008,준중형 SUV,2023,"4,550~5,350만원","가솔린, 디젤","복합 12.2~15.8km/ℓ 도심 11.1~14.5, 고속 13.8~17.8",130hp 엔진,23.5~30.6kg.m 엔진,"1,199~1,499cc","I4, I3 싱글터보",FF,자동8단,"4,450~4,455mm","1,625~1,630mm","1,840mm","2,675mm"
메르세데스-벤츠 AMG E클래스 쿠페,준대형 쿠페,2023,"12,680만원",가솔린,"복합 9.2km/ℓ 도심 8.3, 고속 10.7",435hp 엔진,53kg.m 엔진,"2,999cc",I6 트윈터보,AWD,자동9단,"4,850mm","1,430mm","1,860mm","2,875mm"
쉐보레 트레일블레이저,소형 SUV,2023,"2,589~2,999만원",가솔린,"복합 11.6~12.9km/ℓ 도심 10.7~12.1, 고속 12.7~14",156hp 엔진,24.1kg.m 엔진,"1,341cc",I3 싱글터보,"FF, AWD","자동9단, CVT","4,410~4,425mm","1,660mm","1,810mm","2,640mm"
BMW X5,준대형 SUV,2024,"11,700~15,800만원","가솔린, 디젤","복합 7.5~11.6km/ℓ 도심 6.7~10.7, 고속 8.7~13.1",298~530hp 엔진,53~76.4kg.m 엔진,"2,993~4,395cc","I6, V8 트윈터보",AWD,자동8단,"4,935mm","1,755~1,765mm","1,970mm","2,975mm"
맥라렌 아투라,스포츠카 쿠페,2021,"29,900만원","전기, 가솔린, 하이브리드","복합 도심 , 고속",680hp/585hp/71kW 합산/엔진/모터,73.4kg.m/59.7kg.m 합산/엔진,"2,993cc",V6 트윈터보,MR,DCT8단,"4,539mm","1,193mm","1,976mm","2,640mm"
아우디 A7,준대형 쿠페,2023,"9,355~10,278만원","가솔린, 디젤","복합 9.5~13km/ℓ 도심 8.5~11.4, 고속 11.1~15.5",245~340hp 엔진,50.9~63.2kg.m 엔진,"2,967~2,995cc",V6 싱글터보,AWD,자동,"4,975mm","1,425mm","1,910mm","2,926mm"
벤틀리 플라잉 스퍼,대형 세단,2023,"33,300~34,700만원",가솔린,"복합 6.8km/ℓ 도심 5.9, 고속 8.3",550hp 엔진,78.5kg.m 엔진,"3,996cc",V8 트윈터보,AWD,DCT8단,"5,315mm","1,485mm","1,990mm","3,194mm"
현대 싼타페 하이브리드,중형 SUV,2023,"3,567~4,688만원","가솔린, 하이브리드","복합 13.1~15.3km/ℓ 도심 13.8~16.4, 고속 12.3~14",230hp/180hp 합산/엔진,35.7kg.m/27kg.m 합산/엔진,"1,598cc",I4 싱글터보,"AWD, FF",자동6단,"4,785mm","1,685~1,710mm","1,900mm","2,765mm"
토요타 프리우스,준중형 해치백,2020,"3,397~3,712만원","가솔린, 하이브리드","복합 20.9~22.4km/ℓ 도심 21.4~23.3, 고속 20.3~21.5",122hp/98hp 합산/엔진,14.5kg.m 엔진,"1,798cc",l4 자연흡기,"FF, AWD",CVT,"4,575mm","1,470~1,475mm","1,760mm","2,700mm"
메르세데스-벤츠 A클래스 세단,준중형 세단,2023,"4,630~5,580만원","가솔린, 디젤","복합 11.2~16.1km/ℓ 도심 9.9~14.4, 고속 13.3~19",150~224hp 엔진,30.6~35.7kg.m 엔진,"1,950~1,991cc",I4 싱글터보,"FF, AWD",DCT,"4,550mm","1,435~1,445mm","1,790~1,795mm","2,730mm"
기아 K8 하이브리드,준대형 세단,2023,"3,767~4,592만원","가솔린, 하이브리드","복합 17.1~18km/ℓ 도심 17.2~18.2, 고속 16.9~17.7",230hp/180hp 합산/엔진,35.7kg.m/27kg.m 합산/엔진,"1,598cc",I4 싱글터보,FF,자동6단,"5,015mm","1,455mm","1,875mm","2,895mm"
BMW M2,준중형 쿠페,2024,"8,990만원",가솔린,"복합 8.5km/ℓ 도심 7.4, 고속 10.1",460hp 엔진,56.1kg.m 엔진,"2,993cc",I6 싱글터보,FR,자동8단,"4,580mm","1,405mm","1,885mm","2,745mm"
렉서스 ES 하이브리드,준대형 세단,2023,"6,480~7,160만원","가솔린, 하이브리드","복합 17.2km/ℓ 도심 17.3, 고속 17.1",218hp/178hp 합산/엔진,22.5kg.m 엔진,"2,487cc",I4 자연흡기,FF,CVT,"4,975mm","1,445mm","1,865mm","2,870mm"
롤스로이스 팬텀,대형 세단,2023,"71,200만원",가솔린,"복합 5.8km/ℓ 도심 4.8, 고속 7.8",563hp 엔진,91.8kg.m 엔진,"6,749cc",V12 트윈터보,FR,자동8단,"5,770mm","1,646mm","2,018mm","3,552mm"
푸조 e-208,소형 해치백,2023,"4,900~5,300만원",전기,280km 1회 충전 시,"복합 5.4km/kWh 도심 5.8, 고속 4.9",100kW 모터 134hp (단순환산치),260Nm 모터 26.5kg.m (단순환산치),50kWh 배터리,FF,CVT,"4,070mm","1,440mm","1,745mm","2,540mm"
아우디 A5,중형 쿠페,2023,"7,054만원",가솔린,"복합 10.9km/ℓ 도심 9.6, 고속 13",265hp 엔진,37.7kg.m 엔진,"1,984cc",I4 싱글터보,AWD,자동7단,"4,705mm","1,375mm","1,845mm","2,766mm"
레디컬 SR8,스포츠카 컨버터블,2022,"22,000만원",가솔린,"복합 도심 , 고속",411hp 엔진,"2,700cc",V8 자연흡기,MR,S/T6단,"4,100mm","1,093mm","1,850mm",,
메르세데스-벤츠 CLS클래스,준대형 쿠페,2023,"9,970~12,160만원","가솔린, 디젤","복합 9.9~13.9km/ℓ 도심 8.9~12.6, 고속 11.4~15.9",265~367hp 엔진,51~56.1kg.m 엔진,"1,993~2,999cc","I4, I6 싱글터보",AWD,자동9단,"4,995mm","1,425~1,430mm","1,895mm","2,940mm"
기아 카니발,대형 RV,2022,"3,180~4,485만원","가솔린, 디젤","복합 8.9~13.1km/ℓ 도심 7.8~11.8, 고속 10.8~15",202~294hp 엔진,36.2~45kg.m 엔진,"2,151~3,470cc","V6, I4 자연흡기",FF,자동8단,"5,155mm","1,775mm","1,995mm","3,090mm"
포르쉐 911 카레라,스포츠카 쿠페,2020,"14,790~17,400만원",가솔린,"복합 7.9~8.2km/ℓ 도심 , 고속",392~444hp 엔진,45.9~54.1kg.m 엔진,"2,981cc",F6 트윈터보,"RR, AWD",DCT8단,"4,520mm","1,300mm","1,850mm","2,450mm"
제네시스 G90,대형 세단,2023,"9,445~10,384만원",가솔린,"복합 8.4~9.3km/ℓ 도심 7.3~8, 고속 10.3~11.5",380~415hp 엔진,54~56kg.m 엔진,"3,470cc",V6 트윈터보,"FR, AWD",자동8단,"5,275mm","1,490mm","1,930mm","3,180mm"
르노코리아 SM6,중형 세단,2024,"2,871~3,708만원","LPG, 가솔린","복합 9.5~13.6km/ℓ 도심 8.5~12.1, 고속 11~16",140~225hp 엔진,19.7~30.6kg.m 엔진,"1,332~1,998cc",I4 자연흡기,FF,"CVT, DCT7단","4,855mm","1,460mm","1,870mm","2,810mm"
아우디 S7,준대형 쿠페,2021,"11,746만원",디젤,"복합 12km/ℓ 도심 10.7, 고속 14.1",350hp 엔진,71.3kg.m 엔진,"2,967cc",V6 트윈터보,AWD,자동8단,"4,980mm","1,420mm","1,910mm","2,928mm"
아우디 Q3 스포트백,준중형 SUV,2023,"5,152~5,760만원",디젤,"복합 14~14.8km/ℓ 도심 12.6~13.4, 고속 16.4~16.9",150hp 엔진,36.7kg.m 엔진,"1,968cc",I4 싱글터보,"FF, AWD",DCT7단,"4,520mm","1,570mm","1,845mm","2,680mm"
포르쉐 파나메라 GTS,대형 세단,2022,"22,120만원",가솔린,"복합 7.1km/ℓ 도심 6.2, 고속 8.6",490hp 엔진,63.3kg.m 엔진,"3,996cc",V8 트윈터보,AWD,DCT8단,"5,053mm","1,417mm","1,937mm","2,950mm"
현대 포터2 일렉트릭,중형 트럭,2023,"4,375~4,554만원",전기,211km 1회 충전 시,"복합 3.1km/kWh 도심 3.6, 고속 2.7",135kW 모터 181hp (단순환산치),395Nm 모터 40.3kg.m (단순환산치),58.8kWh 배터리,RR,자동,"5,105mm","1,970mm","1,740mm","2,810mm"
BMW 4시리즈 그란쿠페,중형 쿠페,2024,"6,130~6,340만원","가솔린, 디젤","복합 11.2~15km/ℓ 도심 9.8~13.4, 고속 13.5~17.5",184~190hp 엔진,30.6~40.8kg.m 엔진,"1,995~1,998cc",I4 싱글터보,FR,자동8단,"4,785mm","1,440mm","1,850mm","2,855mm"
아우디 e-트론 S,준대형 SUV,2023,"13,660만원",전기,268km 1회 충전 시,"복합 2.7km/kWh 도심 2.7, 고속 2.8",370kW 모터 496hp (단순환산치),973Nm 모터 99.2kg.m (단순환산치),95kWh 배터리,AWD,자동1단,"4,900mm","1,685mm","1,975mm","2,928mm"
링컨 에비에이터,준대형 SUV,2023,"9,285~10,755만원",가솔린,"복합 8.1km/ℓ 도심 7, 고속 10",405hp 엔진,57.7kg.m 엔진,"2,956cc",V6 트윈터보,AWD,자동10단,"5,065mm","1,760mm","2,020mm","3,025mm"
메르세데스-벤츠 GLE클래스,준대형 SUV,2023,"11,090~13,080만원","가솔린, 디젤","복합 8.3~10.5km/ℓ 도심 7.7~9.8, 고속 9~11.5",272~367hp 엔진,51~56.1kg.m 엔진,"1,950~2,999cc","l4, l6 트윈터보",AWD,자동9단,"4,930mm","1,780mm","2,010~2,020mm","2,995mm"
테슬라 모델X,준대형 SUV,2023,"14,306~15,706만원",전기,439~478km 1회 충전 시,"복합 4.1~4.3km/kWh 도심 , 고속","500~760kW 모터 670~1,018hp (단순환산치)",AWD,자동1단,"5,050mm","1,625mm","2,000mm","2,965mm",,
메르세데스-벤츠 AMG GLE클래스,준대형 SUV,2023,"15,150만원",가솔린,"복합 8.3km/ℓ 도심 7.7, 고속 9",435hp 엔진,53kg.m 엔진,"2,999cc",I6 트윈터보,AWD,자동9단,"4,935mm","1,780mm","2,015mm","2,995mm"
지프 랭글러,중형 SUV,2023,"7,290~7,750만원",가솔린,"복합 8.2~9km/ℓ 도심 7.7~8.3, 고속 8.8~10",272hp 엔진,40.8kg.m 엔진,"1,995cc",I4 싱글터보,AWD,자동8단,"4,885mm","1,840~1,850mm","1,895mm","3,010mm"
랜드로버 디스커버리,준대형 SUV,2023,"8,590~11,340만원","가솔린, 디젤","복합 7.5~10.8km/ℓ 도심 6.8~9.6, 고속 8.5~12.7",249~360hp 엔진,51~66.3kg.m 엔진,"2,996cc",I6 싱글터보,AWD,자동8단,"4,956mm","1,888mm","2,000mm","2,923mm"
